[2026-05-23 17:04:37.785 +00:00] [INF] [1] Emby.Server.Implementations.AppBase.BaseConfigurationManager: Setting cache path: "/cache"
[2026-05-23 17:04:38.032 +00:00] [INF] [4] Jellyfin.Server.ServerSetupApp.SetupServer: Kestrel is listening on "0.0.0.0"
[2026-05-23 17:04:38.056 +00:00] [INF] [4] Main: Jellyfin version: "10.11.9"
[2026-05-23 17:04:38.058 +00:00] [INF] [4] Main: Environment Variables: ["[JELLYFIN_WEB_DIR, /jellyfin/jellyfin-web]", "[JELLYFIN_CACHE_DIR, /cache]", "[JELLYFIN_CONFIG_DIR, /config/config]", "[JELLYFIN_LOG_DIR, /config/log]", "[JELLYFIN_FFMPEG, /usr/lib/jellyfin-ffmpeg/ffmpeg]", "[JELLYFIN_DATA_DIR, /config]"]
[2026-05-23 17:04:38.060 +00:00] [INF] [4] Main: Arguments: ["/jellyfin/jellyfin.dll"]
[2026-05-23 17:04:38.060 +00:00] [INF] [4] Main: Operating system: "Debian GNU/Linux 13 (trixie)"
[2026-05-23 17:04:38.060 +00:00] [INF] [4] Main: Architecture: X64
[2026-05-23 17:04:38.061 +00:00] [INF] [4] Main: 64-Bit Process: True
[2026-05-23 17:04:38.061 +00:00] [INF] [4] Main: User Interactive: True
[2026-05-23 17:04:38.061 +00:00] [INF] [4] Main: Processor count: 2
[2026-05-23 17:04:38.061 +00:00] [INF] [4] Main: Program data path: "/config"
[2026-05-23 17:04:38.061 +00:00] [INF] [4] Main: Log directory path: "/config/log"
[2026-05-23 17:04:38.061 +00:00] [INF] [4] Main: Config directory path: "/config/config"
[2026-05-23 17:04:38.061 +00:00] [INF] [4] Main: Cache path: "/cache"
[2026-05-23 17:04:38.063 +00:00] [INF] [4] Main: Temp directory path: "/tmp/jellyfin"
[2026-05-23 17:04:38.063 +00:00] [INF] [4] Main: Web resources path: "/jellyfin/jellyfin-web"
[2026-05-23 17:04:38.064 +00:00] [INF] [4] Main: Application directory: "/jellyfin/"
[2026-05-23 17:04:38.076 +00:00] [INF] [4] Jellyfin.Server.Startup: Storage path `"/config/data"` (Fixed) successfully checked with "5.1GiB" free which is over the minimum of "2GiB".
[2026-05-23 17:04:38.077 +00:00] [INF] [4] Jellyfin.Server.Startup: Storage path `"/cache"` (Fixed) successfully checked with "5.1GiB" free which is over the minimum of "2GiB".
[2026-05-23 17:04:38.077 +00:00] [INF] [4] Jellyfin.Server.Startup: Storage path `"/config"` (Fixed) successfully checked with "5.1GiB" free which is over the minimum of "2GiB".
[2026-05-23 17:04:38.112 +00:00] [INF] [4] Emby.Server.Implementations.AppBase.BaseConfigurationManager: Setting cache path: "/cache"
[2026-05-23 17:04:38.184 +00:00] [INF] [4] Jellyfin.Database.Providers.Sqlite.SqliteDatabaseProvider: SQLite connection string: "Data Source=/config/data/jellyfin.db;Cache=Default;Default Timeout=30;Pooling=True"
[2026-05-23 17:04:38.190 +00:00] [INF] [4] Jellyfin.Database.Providers.Sqlite.SqliteDatabaseProvider: SQLITE connection pragma command set to: 
"PRAGMA locking_mode=NORMAL;
PRAGMA journal_size_limit=134217728;
PRAGMA synchronous=1;
PRAGMA temp_store=2;
"
[2026-05-23 17:04:38.191 +00:00] [INF] [4] Jellyfin.Database.Implementations.Locking.NoLockBehavior: The database locking mode has been set to: NoLock.
[2026-05-23 17:04:38.225 +00:00] [INF] [4] Jellyfin.Server.Migrations.JellyfinMigrationService: Initialise Migration service.
[2026-05-23 17:04:38.226 +00:00] [INF] [4] Jellyfin.Server.Migrations.JellyfinMigrationService: System initialisation detected. Seed data.
[2026-05-23 17:04:39.109 +00:00] [INF] [4] Jellyfin.Server.Migrations.JellyfinMigrationService: Seed migration null-"CleanMusicArtist".
[2026-05-23 17:04:39.112 +00:00] [INF] [4] Jellyfin.Server.Migrations.JellyfinMigrationService: Seed migration ef103419-8451-40d8-9f34-d1a8e93a1679-"CreateUserLoggingConfigFile".
[2026-05-23 17:04:39.114 +00:00] [INF] [4] Jellyfin.Server.Migrations.JellyfinMigrationService: Seed migration 4124c2cd-e939-4ffb-9be9-9b311c413638-"DisableTranscodingThrottling".
[2026-05-23 17:04:39.115 +00:00] [INF] [4] Jellyfin.Server.Migrations.JellyfinMigrationService: Seed migration cf6fabc2-9fbe-4933-84a5-ffe52ef22a58-"FixAudioData".
[2026-05-23 17:04:39.115 +00:00] [INF] [4] Jellyfin.Server.Migrations.JellyfinMigrationService: Seed migration null-"FixDates".
[2026-05-23 17:04:39.115 +00:00] [INF] [4] Jellyfin.Server.Migrations.JellyfinMigrationService: Seed migration null-"FixLibrarySubtitleDownloadLanguages".
[2026-05-23 17:04:39.115 +00:00] [INF] [4] Jellyfin.Server.Migrations.JellyfinMigrationService: Seed migration 615dfa9e-2497-4dbb-a472-61938b752c5b-"FixPlaylistOwner".
[2026-05-23 17:04:39.115 +00:00] [INF] [4] Jellyfin.Server.Migrations.JellyfinMigrationService: Seed migration 3793eb59-bc8c-456c-8b9f-bd5a62a42978-"MigrateActivityLogDb".
[2026-05-23 17:04:39.115 +00:00] [INF] [4] Jellyfin.Server.Migrations.JellyfinMigrationService: Seed migration 5bd72f41-e6f3-4f60-90aa-09869abe0e22-"MigrateAuthenticationDb".
[2026-05-23 17:04:39.116 +00:00] [INF] [4] Jellyfin.Server.Migrations.JellyfinMigrationService: Seed migration 06387815-c3cc-421f-a888-fb5f9992bea8-"MigrateDisplayPreferencesDb".
[2026-05-23 17:04:39.116 +00:00] [INF] [4] Jellyfin.Server.Migrations.JellyfinMigrationService: Seed migration null-"MigrateKeyframeData".
[2026-05-23 17:04:39.116 +00:00] [INF] [4] Jellyfin.Server.Migrations.JellyfinMigrationService: Seed migration null-"MigrateLibraryDb".
[2026-05-23 17:04:39.116 +00:00] [INF] [4] Jellyfin.Server.Migrations.JellyfinMigrationService: Seed migration null-"MigrateLibraryDbCompatibilityCheck".
[2026-05-23 17:04:39.116 +00:00] [INF] [4] Jellyfin.Server.Migrations.JellyfinMigrationService: Seed migration null-"MigrateLibraryUserData".
[2026-05-23 17:04:39.116 +00:00] [INF] [4] Jellyfin.Server.Migrations.JellyfinMigrationService: Seed migration null-"MigrateRatingLevels".
[2026-05-23 17:04:39.116 +00:00] [INF] [4] Jellyfin.Server.Migrations.JellyfinMigrationService: Seed migration 5c4b82a2-f053-4009-bd05-b6fcad82f14c-"MigrateUserDb".
[2026-05-23 17:04:39.116 +00:00] [INF] [4] Jellyfin.Server.Migrations.JellyfinMigrationService: Seed migration null-"MoveExtractedFiles".
[2026-05-23 17:04:39.117 +00:00] [INF] [4] Jellyfin.Server.Migrations.JellyfinMigrationService: Seed migration null-"RefreshInternalDateModified".
[2026-05-23 17:04:39.117 +00:00] [INF] [4] Jellyfin.Server.Migrations.JellyfinMigrationService: Seed migration a81f75e0-8f43-416f-a5e8-516ccab4d8cc-"RemoveDownloadImagesInAdvance".
[2026-05-23 17:04:39.117 +00:00] [INF] [4] Jellyfin.Server.Migrations.JellyfinMigrationService: Seed migration acbe17b7-8435-4a83-8b64-6fcf162cb9bd-"RemoveDuplicateExtras".
[2026-05-23 17:04:39.117 +00:00] [INF] [4] Jellyfin.Server.Migrations.JellyfinMigrationService: Seed migration 96c156a2-7a13-4b3b-a8b8-fb80c94d20c0-"RemoveDuplicatePlaylistChildren".
[2026-05-23 17:04:39.117 +00:00] [INF] [4] Jellyfin.Server.Migrations.JellyfinMigrationService: Seed migration null-"ReseedFolderFlag".
[2026-05-23 17:04:39.117 +00:00] [INF] [4] Jellyfin.Server.Migrations.JellyfinMigrationService: Seed migration 9b354818-94d5-4b68-ac49-e35cb85f9d84-"CreateNetworkConfiguration".
[2026-05-23 17:04:39.117 +00:00] [INF] [4] Jellyfin.Server.Migrations.JellyfinMigrationService: Seed migration a8e61960-7726-4450-8f3d-82c12daabbcb-"MigrateEncodingOptions".
[2026-05-23 17:04:39.118 +00:00] [INF] [4] Jellyfin.Server.Migrations.JellyfinMigrationService: Seed migration a6dcacf4-c057-4ef9-80d3-61cef9ddb4f0-"MigrateMusicBrainzTimeout".
[2026-05-23 17:04:39.118 +00:00] [INF] [4] Jellyfin.Server.Migrations.JellyfinMigrationService: Seed migration 4fb5c950-1991-11ee-9b4b-0800200c9a66-"MigrateNetworkConfiguration".
[2026-05-23 17:04:39.118 +00:00] [INF] [4] Jellyfin.Server.Migrations.JellyfinMigrationService: Seed migration e73b777d-cd5c-4e71-957a-b86b3660b7cf-"RenameEnableGroupingIntoCollections".
[2026-05-23 17:04:39.122 +00:00] [INF] [4] Jellyfin.Server.Migrations.JellyfinMigrationService: Migration system initialisation completed.
[2026-05-23 17:04:39.128 +00:00] [INF] [4] Jellyfin.Server.Migrations.JellyfinMigrationService: There are 0 migrations for stage PreInitialisation.
[2026-05-23 17:04:39.134 +00:00] [INF] [4] Emby.Server.Implementations.AppBase.BaseConfigurationManager: Setting cache path: "/cache"
[2026-05-23 17:04:39.141 +00:00] [INF] [4] Emby.Server.Implementations.ApplicationHost: Loading assemblies
[2026-05-23 17:04:39.180 +00:00] [INF] [4] Jellyfin.Networking.Manager.NetworkManager: Defined LAN subnets: ["127.0.0.1/8", "10.0.0.0/8", "172.16.0.0/12", "192.168.0.0/16"]
[2026-05-23 17:04:39.181 +00:00] [INF] [4] Jellyfin.Networking.Manager.NetworkManager: Defined LAN exclusions: []
[2026-05-23 17:04:39.181 +00:00] [INF] [4] Jellyfin.Networking.Manager.NetworkManager: Used LAN subnets: ["127.0.0.1/8", "10.0.0.0/8", "172.16.0.0/12", "192.168.0.0/16"]
[2026-05-23 17:04:39.182 +00:00] [INF] [4] Jellyfin.Networking.Manager.NetworkManager: Filtered interface addresses: ["127.0.0.1", "172.18.0.2"]
[2026-05-23 17:04:39.183 +00:00] [INF] [4] Jellyfin.Networking.Manager.NetworkManager: Bind Addresses ["0.0.0.0"]
[2026-05-23 17:04:39.183 +00:00] [INF] [4] Jellyfin.Networking.Manager.NetworkManager: Remote IP filter is "Allowlist"
[2026-05-23 17:04:39.183 +00:00] [INF] [4] Jellyfin.Networking.Manager.NetworkManager: Filtered subnets: []
[2026-05-23 17:04:39.278 +00:00] [INF] [4] Jellyfin.Database.Providers.Sqlite.SqliteDatabaseProvider: SQLite connection string: "Data Source=/config/data/jellyfin.db;Cache=Default;Default Timeout=30;Pooling=True"
[2026-05-23 17:04:39.278 +00:00] [INF] [4] Jellyfin.Database.Providers.Sqlite.SqliteDatabaseProvider: SQLITE connection pragma command set to: 
"PRAGMA locking_mode=NORMAL;
PRAGMA journal_size_limit=134217728;
PRAGMA synchronous=1;
PRAGMA temp_store=2;
"
[2026-05-23 17:04:39.279 +00:00] [INF] [4] Jellyfin.Database.Implementations.Locking.NoLockBehavior: The database locking mode has been set to: NoLock.
[2026-05-23 17:04:39.283 +00:00] [INF] [4] Main: Prepare system for possible migrations
[2026-05-23 17:04:39.315 +00:00] [INF] [4] Main: A migration will attempt to modify the jellyfin.db, will attempt to backup the file now.
[2026-05-23 17:04:39.318 +00:00] [INF] [4] Main: Jellyfin database has been backed up as "20260523050439"
[2026-05-23 17:04:39.321 +00:00] [INF] [4] Jellyfin.Server.Migrations.JellyfinMigrationService: There are 0 migrations for stage CoreInitialisation.
[2026-05-23 17:04:39.322 +00:00] [INF] [4] InternalDatabaseMigration: Perform migration "20200514181226_AddActivityLog"
[2026-05-23 17:04:39.354 +00:00] [INF] [4] InternalDatabaseMigration: Migration "20200514181226_AddActivityLog" was successfully applied
[2026-05-23 17:04:39.354 +00:00] [INF] [4] InternalDatabaseMigration: Perform migration "20200613202153_AddUsers"
[2026-05-23 17:04:39.378 +00:00] [INF] [4] InternalDatabaseMigration: Migration "20200613202153_AddUsers" was successfully applied
[2026-05-23 17:04:39.379 +00:00] [INF] [4] InternalDatabaseMigration: Perform migration "20200728005145_AddDisplayPreferences"
[2026-05-23 17:04:39.395 +00:00] [INF] [4] InternalDatabaseMigration: Migration "20200728005145_AddDisplayPreferences" was successfully applied
[2026-05-23 17:04:39.395 +00:00] [INF] [4] InternalDatabaseMigration: Perform migration "20200905220533_FixDisplayPreferencesIndex"
[2026-05-23 17:04:39.404 +00:00] [INF] [4] InternalDatabaseMigration: Migration "20200905220533_FixDisplayPreferencesIndex" was successfully applied
[2026-05-23 17:04:39.404 +00:00] [INF] [4] InternalDatabaseMigration: Perform migration "20201004171403_AddMaxActiveSessions"
[2026-05-23 17:04:39.416 +00:00] [INF] [4] InternalDatabaseMigration: Migration "20201004171403_AddMaxActiveSessions" was successfully applied
[2026-05-23 17:04:39.417 +00:00] [INF] [4] InternalDatabaseMigration: Perform migration "20201204223655_AddCustomDisplayPreferences"
[2026-05-23 17:04:39.439 +00:00] [INF] [4] InternalDatabaseMigration: Migration "20201204223655_AddCustomDisplayPreferences" was successfully applied
[2026-05-23 17:04:39.439 +00:00] [INF] [4] InternalDatabaseMigration: Perform migration "20210320181425_AddIndexesAndCollations"
[2026-05-23 17:04:39.457 +00:00] [WRN] [4] Microsoft.EntityFrameworkCore.Migrations: An operation of type '"SqlOperation"' will be attempted while a rebuild of table '"ImageInfos"' is pending. The database may not be in an expected state. Review the SQL generated by this migration to help diagnose any failures. Consider moving these operations to a subsequent migration.
[2026-05-23 17:04:39.458 +00:00] [WRN] [4] Microsoft.EntityFrameworkCore.Migrations: An operation of type '"SqlOperation"' will be attempted while a rebuild of table '"ImageInfos"' is pending. The database may not be in an expected state. Review the SQL generated by this migration to help diagnose any failures. Consider moving these operations to a subsequent migration.
[2026-05-23 17:04:39.461 +00:00] [WRN] [4] Microsoft.EntityFrameworkCore.Migrations: An operation of type '"SqlOperation"' will be attempted while a rebuild of table '"Permissions"' is pending. The database may not be in an expected state. Review the SQL generated by this migration to help diagnose any failures. Consider moving these operations to a subsequent migration.
[2026-05-23 17:04:39.462 +00:00] [WRN] [4] Microsoft.EntityFrameworkCore.Migrations: An operation of type '"SqlOperation"' will be attempted while a rebuild of table '"Permissions"' is pending. The database may not be in an expected state. Review the SQL generated by this migration to help diagnose any failures. Consider moving these operations to a subsequent migration.
[2026-05-23 17:04:39.463 +00:00] [WRN] [4] Microsoft.EntityFrameworkCore.Migrations: An operation of type '"SqlOperation"' will be attempted while a rebuild of table '"Preferences"' is pending. The database may not be in an expected state. Review the SQL generated by this migration to help diagnose any failures. Consider moving these operations to a subsequent migration.
[2026-05-23 17:04:39.463 +00:00] [WRN] [4] Microsoft.EntityFrameworkCore.Migrations: An operation of type '"SqlOperation"' will be attempted while a rebuild of table '"Preferences"' is pending. The database may not be in an expected state. Review the SQL generated by this migration to help diagnose any failures. Consider moving these operations to a subsequent migration.
[2026-05-23 17:04:39.464 +00:00] [WRN] [4] Microsoft.EntityFrameworkCore.Migrations: An operation of type '"SqlOperation"' will be attempted while a rebuild of table '"Users"' is pending. The database may not be in an expected state. Review the SQL generated by this migration to help diagnose any failures. Consider moving these operations to a subsequent migration.
[2026-05-23 17:04:39.465 +00:00] [WRN] [4] Microsoft.EntityFrameworkCore.Migrations: An operation of type '"SqlOperation"' will be attempted while a rebuild of table '"Users"' is pending. The database may not be in an expected state. Review the SQL generated by this migration to help diagnose any failures. Consider moving these operations to a subsequent migration.
[2026-05-23 17:04:39.473 +00:00] [INF] [4] InternalDatabaseMigration: Migration "20210320181425_AddIndexesAndCollations" was successfully applied
[2026-05-23 17:04:39.473 +00:00] [INF] [4] InternalDatabaseMigration: Perform migration "20210407110544_NullableCustomPrefValue"
[2026-05-23 17:04:39.486 +00:00] [INF] [4] InternalDatabaseMigration: Migration "20210407110544_NullableCustomPrefValue" was successfully applied
[2026-05-23 17:04:39.486 +00:00] [INF] [4] InternalDatabaseMigration: Perform migration "20210814002109_AddDevices"
[2026-05-23 17:04:39.507 +00:00] [INF] [4] InternalDatabaseMigration: Migration "20210814002109_AddDevices" was successfully applied
[2026-05-23 17:04:39.507 +00:00] [INF] [4] InternalDatabaseMigration: Perform migration "20221022080052_AddIndexActivityLogsDateCreated"
[2026-05-23 17:04:39.524 +00:00] [INF] [4] InternalDatabaseMigration: Migration "20221022080052_AddIndexActivityLogsDateCreated" was successfully applied
[2026-05-23 17:04:39.525 +00:00] [INF] [4] InternalDatabaseMigration: Perform migration "20230526173516_RemoveEasyPassword"
[2026-05-23 17:04:39.543 +00:00] [INF] [4] InternalDatabaseMigration: Migration "20230526173516_RemoveEasyPassword" was successfully applied
[2026-05-23 17:04:39.544 +00:00] [INF] [4] InternalDatabaseMigration: Perform migration "20230626233818_AddTrickplayInfos"
[2026-05-23 17:04:39.560 +00:00] [INF] [4] InternalDatabaseMigration: Migration "20230626233818_AddTrickplayInfos" was successfully applied
[2026-05-23 17:04:39.561 +00:00] [INF] [4] InternalDatabaseMigration: Perform migration "20230923170422_UserCastReceiver"
[2026-05-23 17:04:39.571 +00:00] [INF] [4] InternalDatabaseMigration: Migration "20230923170422_UserCastReceiver" was successfully applied
[2026-05-23 17:04:39.571 +00:00] [INF] [4] InternalDatabaseMigration: Perform migration "20240729140605_AddMediaSegments"
[2026-05-23 17:04:39.583 +00:00] [INF] [4] InternalDatabaseMigration: Migration "20240729140605_AddMediaSegments" was successfully applied
[2026-05-23 17:04:39.583 +00:00] [INF] [4] InternalDatabaseMigration: Perform migration "20240928082930_MarkSegmentProviderIdNonNullable"
[2026-05-23 17:04:39.598 +00:00] [INF] [4] InternalDatabaseMigration: Migration "20240928082930_MarkSegmentProviderIdNonNullable" was successfully applied
[2026-05-23 17:04:39.599 +00:00] [INF] [4] InternalDatabaseMigration: Perform migration "20241020103111_LibraryDbMigration"
[2026-05-23 17:04:39.644 +00:00] [INF] [4] InternalDatabaseMigration: Migration "20241020103111_LibraryDbMigration" was successfully applied
[2026-05-23 17:04:39.644 +00:00] [INF] [4] InternalDatabaseMigration: Perform migration "20241111131257_AddedCustomDataKey"
[2026-05-23 17:04:39.664 +00:00] [INF] [4] InternalDatabaseMigration: Migration "20241111131257_AddedCustomDataKey" was successfully applied
[2026-05-23 17:04:39.664 +00:00] [INF] [4] InternalDatabaseMigration: Perform migration "20241111135439_AddedCustomDataKeyKey"
[2026-05-23 17:04:39.703 +00:00] [INF] [4] InternalDatabaseMigration: Migration "20241111135439_AddedCustomDataKeyKey" was successfully applied
[2026-05-23 17:04:39.703 +00:00] [INF] [4] InternalDatabaseMigration: Perform migration "20241112152323_FixAncestorIdConfig"
[2026-05-23 17:04:39.739 +00:00] [INF] [4] InternalDatabaseMigration: Migration "20241112152323_FixAncestorIdConfig" was successfully applied
[2026-05-23 17:04:39.740 +00:00] [INF] [4] InternalDatabaseMigration: Perform migration "20241112232041_FixMediaStreams"
[2026-05-23 17:04:39.782 +00:00] [INF] [4] InternalDatabaseMigration: Migration "20241112232041_FixMediaStreams" was successfully applied
[2026-05-23 17:04:39.782 +00:00] [INF] [4] InternalDatabaseMigration: Perform migration "20241112234144_FixMediaStreams2"
[2026-05-23 17:04:39.817 +00:00] [INF] [4] InternalDatabaseMigration: Migration "20241112234144_FixMediaStreams2" was successfully applied
[2026-05-23 17:04:39.818 +00:00] [INF] [4] InternalDatabaseMigration: Perform migration "20241113133548_EnforceUniqueItemValue"
[2026-05-23 17:04:39.836 +00:00] [INF] [4] InternalDatabaseMigration: Migration "20241113133548_EnforceUniqueItemValue" was successfully applied
[2026-05-23 17:04:39.837 +00:00] [INF] [4] InternalDatabaseMigration: Perform migration "20250202021306_FixedCollation"
[2026-05-23 17:04:39.875 +00:00] [INF] [4] InternalDatabaseMigration: Migration "20250202021306_FixedCollation" was successfully applied
[2026-05-23 17:04:39.875 +00:00] [INF] [4] InternalDatabaseMigration: Perform migration "20250204092455_MakeStartEndDateNullable"
[2026-05-23 17:04:39.911 +00:00] [INF] [4] InternalDatabaseMigration: Migration "20250204092455_MakeStartEndDateNullable" was successfully applied
[2026-05-23 17:04:39.912 +00:00] [INF] [4] InternalDatabaseMigration: Perform migration "20250214031148_ChannelIdGuid"
[2026-05-23 17:04:39.931 +00:00] [INF] [4] InternalDatabaseMigration: Migration "20250214031148_ChannelIdGuid" was successfully applied
[2026-05-23 17:04:39.931 +00:00] [INF] [4] InternalDatabaseMigration: Perform migration "20250326065026_AddInheritedParentalRatingSubValue"
[2026-05-23 17:04:39.955 +00:00] [INF] [4] InternalDatabaseMigration: Migration "20250326065026_AddInheritedParentalRatingSubValue" was successfully applied
[2026-05-23 17:04:39.955 +00:00] [INF] [4] InternalDatabaseMigration: Perform migration "20250327101120_AddKeyframeData"
[2026-05-23 17:04:39.976 +00:00] [INF] [4] InternalDatabaseMigration: Migration "20250327101120_AddKeyframeData" was successfully applied
[2026-05-23 17:04:39.976 +00:00] [INF] [4] InternalDatabaseMigration: Perform migration "20250327171413_AddHdr10PlusFlag"
[2026-05-23 17:04:39.996 +00:00] [INF] [4] InternalDatabaseMigration: Migration "20250327171413_AddHdr10PlusFlag" was successfully applied
[2026-05-23 17:04:39.996 +00:00] [INF] [4] InternalDatabaseMigration: Perform migration "20250331182844_FixAttachmentMigration"
[2026-05-23 17:04:40.041 +00:00] [INF] [4] InternalDatabaseMigration: Migration "20250331182844_FixAttachmentMigration" was successfully applied
[2026-05-23 17:04:40.041 +00:00] [INF] [4] InternalDatabaseMigration: Perform migration "20250401142247_FixAncestors"
[2026-05-23 17:04:40.061 +00:00] [INF] [4] InternalDatabaseMigration: Migration "20250401142247_FixAncestors" was successfully applied
[2026-05-23 17:04:40.061 +00:00] [INF] [4] InternalDatabaseMigration: Perform migration "20250405075612_FixItemValuesIndices"
[2026-05-23 17:04:40.082 +00:00] [INF] [4] InternalDatabaseMigration: Migration "20250405075612_FixItemValuesIndices" was successfully applied
[2026-05-23 17:04:40.082 +00:00] [INF] [4] InternalDatabaseMigration: Perform migration "20250609115616_DetachUserDataInsteadOfDelete"
[2026-05-23 17:04:40.123 +00:00] [INF] [4] InternalDatabaseMigration: Migration "20250609115616_DetachUserDataInsteadOfDelete" was successfully applied
[2026-05-23 17:04:40.124 +00:00] [INF] [4] InternalDatabaseMigration: Perform migration "20250622170802_BaseItemImageInfoDateModifiedNullable"
[2026-05-23 17:04:40.164 +00:00] [INF] [4] InternalDatabaseMigration: Migration "20250622170802_BaseItemImageInfoDateModifiedNullable" was successfully applied
[2026-05-23 17:04:40.164 +00:00] [INF] [4] InternalDatabaseMigration: Perform migration "20250714044826_ResetJournalMode"
[2026-05-23 17:04:40.184 +00:00] [INF] [4] InternalDatabaseMigration: Migration "20250714044826_ResetJournalMode" was successfully applied
[2026-05-23 17:04:40.185 +00:00] [INF] [4] InternalDatabaseMigration: Perform migration "20250913211637_AddProperParentChildRelationBaseItemWithCascade"
[2026-05-23 17:04:40.226 +00:00] [INF] [4] InternalDatabaseMigration: Migration "20250913211637_AddProperParentChildRelationBaseItemWithCascade" was successfully applied
[2026-05-23 17:04:40.227 +00:00] [INF] [4] InternalDatabaseMigration: Perform migration "20250925203415_ExtendPeopleMapKey"
[2026-05-23 17:04:40.267 +00:00] [INF] [4] InternalDatabaseMigration: Migration "20250925203415_ExtendPeopleMapKey" was successfully applied
[2026-05-23 17:04:40.406 +00:00] [INF] [4] Emby.Server.Implementations.AppBase.BaseConfigurationManager: Saving system configuration
[2026-05-23 17:04:40.407 +00:00] [INF] [4] Emby.Server.Implementations.AppBase.BaseConfigurationManager: Setting cache path: "/cache"
[2026-05-23 17:04:40.411 +00:00] [INF] [4] Emby.Server.Implementations.Plugins.PluginManager: Loaded plugin: "TMDb" "10.11.9.0"
[2026-05-23 17:04:40.411 +00:00] [INF] [4] Emby.Server.Implementations.Plugins.PluginManager: Loaded plugin: "Studio Images" "10.11.9.0"
[2026-05-23 17:04:40.412 +00:00] [INF] [4] Emby.Server.Implementations.Plugins.PluginManager: Loaded plugin: "OMDb" "10.11.9.0"
[2026-05-23 17:04:40.423 +00:00] [INF] [4] Emby.Server.Implementations.Plugins.PluginManager: Loaded plugin: "MusicBrainz" "10.11.9.0"
[2026-05-23 17:04:40.424 +00:00] [INF] [4] Emby.Server.Implementations.Plugins.PluginManager: Loaded plugin: "AudioDB" "10.11.9.0"
[2026-05-23 17:04:40.478 +00:00] [INF] [4] Jellyfin.Server.Migrations.JellyfinMigrationService: There are 5 migrations for stage AppInitialisation.
[2026-05-23 17:04:40.479 +00:00] [INF] [4] InternalCodeMigration: Perform migration "20250420090000_AddDefaultPluginRepository"
[2026-05-23 17:04:40.482 +00:00] [INF] [4] Emby.Server.Implementations.AppBase.BaseConfigurationManager: Saving system configuration
[2026-05-23 17:04:40.483 +00:00] [INF] [4] Emby.Server.Implementations.AppBase.BaseConfigurationManager: Setting cache path: "/cache"
[2026-05-23 17:04:40.484 +00:00] [INF] [4] InternalCodeMigration: Migration "20250420090000_AddDefaultPluginRepository" was successfully applied
[2026-05-23 17:04:40.485 +00:00] [INF] [4] InternalCodeMigration: Perform migration "20250420110000_ReaddDefaultPluginRepository"
[2026-05-23 17:04:40.486 +00:00] [INF] [4] InternalCodeMigration: Migration "20250420110000_ReaddDefaultPluginRepository" was successfully applied
[2026-05-23 17:04:40.486 +00:00] [INF] [4] InternalCodeMigration: Perform migration "20250420160000_AddDefaultCastReceivers"
[2026-05-23 17:04:40.488 +00:00] [INF] [4] Emby.Server.Implementations.AppBase.BaseConfigurationManager: Saving system configuration
[2026-05-23 17:04:40.488 +00:00] [INF] [4] Emby.Server.Implementations.AppBase.BaseConfigurationManager: Setting cache path: "/cache"
[2026-05-23 17:04:40.489 +00:00] [INF] [4] InternalCodeMigration: Migration "20250420160000_AddDefaultCastReceivers" was successfully applied
[2026-05-23 17:04:40.489 +00:00] [INF] [4] InternalCodeMigration: Perform migration "20250420170000_UpdateDefaultPluginRepository"
[2026-05-23 17:04:40.490 +00:00] [INF] [4] Emby.Server.Implementations.AppBase.BaseConfigurationManager: Saving system configuration
[2026-05-23 17:04:40.490 +00:00] [INF] [4] Emby.Server.Implementations.AppBase.BaseConfigurationManager: Setting cache path: "/cache"
[2026-05-23 17:04:40.491 +00:00] [INF] [4] InternalCodeMigration: Migration "20250420170000_UpdateDefaultPluginRepository" was successfully applied
[2026-05-23 17:04:40.491 +00:00] [INF] [4] InternalCodeMigration: Perform migration "20250420230000_MoveTrickplayFiles"
[2026-05-23 17:04:40.873 +00:00] [INF] [4] Jellyfin.Server.Migrations.Routines.MoveTrickplayFiles: Checked: 5000 - Moved: 0 - Time: 00:00:00.3805991
[2026-05-23 17:04:40.874 +00:00] [INF] [4] Jellyfin.Server.Migrations.Routines.MoveTrickplayFiles: Moved 0 items in 00:00:00.3821918
[2026-05-23 17:04:40.875 +00:00] [INF] [4] InternalCodeMigration: Migration "20250420230000_MoveTrickplayFiles" was successfully applied
[2026-05-23 17:04:40.876 +00:00] [INF] [4] Main: Attempt to cleanup JellyfinDb backup.
[2026-05-23 17:04:40.909 +00:00] [INF] [6] Main: Kestrel is listening on "0.0.0.0"
[2026-05-23 17:04:40.946 +00:00] [WRN] [4] Microsoft.AspNetCore.DataProtection.KeyManagement.XmlKeyManager: No XML encryptor configured. Key {c4ebc721-b8ad-43fc-aedb-e05a0469e2ba} may be persisted to storage in unencrypted form.
[2026-05-23 17:04:41.391 +00:00] [WRN] [6] Microsoft.AspNetCore.StaticFiles.StaticFileMiddleware: The WebRootPath was not found: "/wwwroot". Static files may be unavailable.
[2026-05-23 17:04:41.872 +00:00] [INF] [6] Emby.Server.Implementations.ApplicationHost: Running startup tasks
[2026-05-23 17:04:41.884 +00:00] [INF] [6] Emby.Server.Implementations.ScheduledTasks.TaskManager: Daily trigger for "Generate Trickplay Images" set to fire at 2026-05-24 03:00:00.000 +00:00, which is 09:55:18.1156057 from now.
[2026-05-23 17:04:41.887 +00:00] [INF] [6] Emby.Server.Implementations.ScheduledTasks.TaskManager: Daily trigger for "Extract Chapter Images" set to fire at 2026-05-24 02:00:00.000 +00:00, which is 08:55:18.1128356 from now.
[2026-05-23 17:04:41.998 +00:00] [INF] [6] MediaBrowser.MediaEncoding.Encoder.MediaEncoder: Found ffmpeg version "7.1.3"
[2026-05-23 17:04:42.045 +00:00] [INF] [6] MediaBrowser.MediaEncoding.Encoder.MediaEncoder: Available "decoders": ["libdav1d", "av1", "av1_cuvid", "av1_qsv", "h264", "h264_qsv", "h264_cuvid", "hevc", "hevc_qsv", "hevc_cuvid", "mpeg2video", "mpeg2_qsv", "mpeg2_cuvid", "mpeg4", "mpeg4_cuvid", "msmpeg4", "vc1_qsv", "vc1_cuvid", "vp8", "libvpx", "vp8_cuvid", "vp8_qsv", "vp9", "libvpx-vp9", "vp9_cuvid", "vp9_qsv", "aac", "ac3", "ac4", "dca", "flac", "mp3", "truehd"]
[2026-05-23 17:04:42.061 +00:00] [INF] [6] MediaBrowser.MediaEncoding.Encoder.MediaEncoder: Available "encoders": ["libsvtav1", "av1_nvenc", "av1_qsv", "av1_amf", "av1_vaapi", "libx264", "h264_amf", "h264_nvenc", "h264_qsv", "h264_v4l2m2m", "h264_vaapi", "libx265", "hevc_amf", "hevc_nvenc", "hevc_qsv", "hevc_vaapi", "mjpeg_qsv", "mjpeg_vaapi", "aac", "libfdk_aac", "ac3", "alac", "dca", "flac", "libmp3lame", "libopus", "truehd", "libvorbis", "srt"]
[2026-05-23 17:04:42.080 +00:00] [INF] [6] MediaBrowser.MediaEncoding.Encoder.MediaEncoder: Available filters: ["bwdif_cuda", "bwdif_opencl", "deinterlace_qsv", "deinterlace_vaapi", "flip_vulkan", "hwupload_cuda", "hwupload_vaapi", "libplacebo", "overlay_opencl", "overlay_qsv", "overlay_vaapi", "overlay_vulkan", "overlay_cuda", "procamp_vaapi", "scale_cuda", "scale_opencl", "scale_qsv", "scale_vaapi", "scale_vulkan", "tonemapx", "tonemap_cuda", "tonemap_opencl", "tonemap_vaapi", "transpose_cuda", "transpose_opencl", "transpose_vaapi", "transpose_vulkan", "vpp_qsv", "yadif_cuda", "yadif_opencl", "zscale", "alphasrc"]
[2026-05-23 17:04:42.259 +00:00] [INF] [6] MediaBrowser.MediaEncoding.Encoder.MediaEncoder: Available hwaccel types: ["cuda", "vaapi", "qsv", "drm", "opencl", "vulkan"]
[2026-05-23 17:04:44.936 +00:00] [INF] [11] Emby.Server.Implementations.ScheduledTasks.TaskManager: "Clean Transcode Directory" Completed after 0 minute(s) and 0 seconds
[2026-05-23 17:04:45.136 +00:00] [INF] [4] Emby.Server.Implementations.ScheduledTasks.TaskManager: "Clean up collections and playlists" Completed after 0 minute(s) and 0 seconds
[2026-05-23 17:04:47.684 +00:00] [INF] [6] MediaBrowser.MediaEncoding.Encoder.MediaEncoder: FFmpeg: "/usr/lib/jellyfin-ffmpeg/ffmpeg"
[2026-05-23 17:04:47.688 +00:00] [INF] [6] Emby.Server.Implementations.ApplicationHost: ServerId: "d28efb8980744b7fb3cfa1cc68e628c9"
[2026-05-23 17:04:47.688 +00:00] [INF] [6] Emby.Server.Implementations.ApplicationHost: Core startup complete
[2026-05-23 17:04:47.689 +00:00] [INF] [6] Main: Startup complete 0:00:10.1286038
[2026-05-23 17:04:49.211 +00:00] [INF] [4] Emby.Server.Implementations.ScheduledTasks.TaskManager: "Update Plugins" Completed after 0 minute(s) and 4 seconds
[2026-05-23 17:04:53.252 +00:00] [INF] [11] Jellyfin.Api.Auth.CustomAuthenticationHandler: "CustomAuthentication" was not authenticated. Failure message: "Invalid token."
[2026-05-23 17:04:53.257 +00:00] [ERR] [11] Jellyfin.Api.Middleware.ExceptionMiddleware: Error processing request: "Invalid token". URL "GET" "/socket".
[2026-05-23 17:04:59.338 +00:00] [INF] [18] Jellyfin.Api.Auth.CustomAuthenticationHandler: "CustomAuthentication" was not authenticated. Failure message: "Invalid token."
[2026-05-23 17:04:59.340 +00:00] [ERR] [18] Jellyfin.Api.Middleware.ExceptionMiddleware: Error processing request: "Invalid token". URL "GET" "/socket".
[2026-05-23 17:05:02.660 +00:00] [INF] [4] Jellyfin.Api.Auth.CustomAuthenticationHandler: "CustomAuthentication" was not authenticated. Failure message: "Invalid token."
[2026-05-23 17:05:02.661 +00:00] [INF] [18] Jellyfin.Api.Auth.CustomAuthenticationHandler: "CustomAuthentication" was not authenticated. Failure message: "Invalid token."
[2026-05-23 17:05:02.661 +00:00] [INF] [6] Jellyfin.Api.Auth.CustomAuthenticationHandler: "CustomAuthentication" was not authenticated. Failure message: "Invalid token."
[2026-05-23 17:05:02.662 +00:00] [INF] [15] Jellyfin.Api.Auth.CustomAuthenticationHandler: "CustomAuthentication" was not authenticated. Failure message: "Invalid token."
[2026-05-23 17:05:02.666 +00:00] [INF] [18] Jellyfin.Api.Auth.CustomAuthenticationHandler: "CustomAuthentication" was not authenticated. Failure message: "Invalid token."
[2026-05-23 17:05:02.668 +00:00] [INF] [6] Jellyfin.Api.Auth.CustomAuthenticationHandler: "CustomAuthentication" was not authenticated. Failure message: "Invalid token."
[2026-05-23 17:05:02.668 +00:00] [INF] [4] Jellyfin.Api.Auth.CustomAuthenticationHandler: "CustomAuthentication" was not authenticated. Failure message: "Invalid token."
[2026-05-23 17:05:02.668 +00:00] [INF] [15] Jellyfin.Api.Auth.CustomAuthenticationHandler: "CustomAuthentication" was not authenticated. Failure message: "Invalid token."
[2026-05-23 17:05:02.670 +00:00] [INF] [11] Jellyfin.Api.Auth.CustomAuthenticationHandler: "CustomAuthentication" was not authenticated. Failure message: "Invalid token."
[2026-05-23 17:05:02.671 +00:00] [INF] [11] Jellyfin.Api.Auth.CustomAuthenticationHandler: "CustomAuthentication" was not authenticated. Failure message: "Invalid token."
[2026-05-23 17:05:02.673 +00:00] [INF] [15] Jellyfin.Api.Auth.CustomAuthenticationHandler: AuthenticationScheme: "CustomAuthentication" was challenged.
[2026-05-23 17:05:02.673 +00:00] [INF] [4] Jellyfin.Api.Auth.CustomAuthenticationHandler: AuthenticationScheme: "CustomAuthentication" was challenged.
[2026-05-23 17:05:02.674 +00:00] [INF] [6] Jellyfin.Api.Auth.CustomAuthenticationHandler: AuthenticationScheme: "CustomAuthentication" was challenged.
[2026-05-23 17:05:02.675 +00:00] [INF] [11] Jellyfin.Api.Auth.CustomAuthenticationHandler: AuthenticationScheme: "CustomAuthentication" was challenged.
[2026-05-23 17:05:02.747 +00:00] [INF] [11] Jellyfin.Api.Auth.CustomAuthenticationHandler: "CustomAuthentication" was not authenticated. Failure message: "Invalid token."
[2026-05-23 17:05:02.749 +00:00] [INF] [11] Jellyfin.Api.Auth.CustomAuthenticationHandler: "CustomAuthentication" was not authenticated. Failure message: "Invalid token."
[2026-05-23 17:05:02.749 +00:00] [INF] [11] Jellyfin.Api.Auth.CustomAuthenticationHandler: AuthenticationScheme: "CustomAuthentication" was challenged.
[2026-05-23 17:05:02.763 +00:00] [INF] [18] Jellyfin.Api.Auth.CustomAuthenticationHandler: "CustomAuthentication" was not authenticated. Failure message: "Invalid token."
[2026-05-23 17:05:02.763 +00:00] [INF] [18] Jellyfin.Api.Auth.CustomAuthenticationHandler: "CustomAuthentication" was not authenticated. Failure message: "Invalid token."
[2026-05-23 17:05:02.764 +00:00] [INF] [18] Jellyfin.Api.Auth.CustomAuthenticationHandler: AuthenticationScheme: "CustomAuthentication" was challenged.
[2026-05-23 17:05:02.764 +00:00] [INF] [11] Jellyfin.Api.Auth.CustomAuthenticationHandler: "CustomAuthentication" was not authenticated. Failure message: "Invalid token."
[2026-05-23 17:05:02.764 +00:00] [INF] [11] Jellyfin.Api.Auth.CustomAuthenticationHandler: "CustomAuthentication" was not authenticated. Failure message: "Invalid token."
[2026-05-23 17:05:02.765 +00:00] [INF] [11] Jellyfin.Api.Auth.CustomAuthenticationHandler: AuthenticationScheme: "CustomAuthentication" was challenged.
[2026-05-23 17:05:03.771 +00:00] [INF] [11] Jellyfin.Api.Auth.CustomAuthenticationHandler: "CustomAuthentication" was not authenticated. Failure message: "Invalid token."
[2026-05-23 17:05:03.772 +00:00] [INF] [4] Jellyfin.Api.Auth.CustomAuthenticationHandler: "CustomAuthentication" was not authenticated. Failure message: "Invalid token."
[2026-05-23 17:05:03.772 +00:00] [INF] [4] Jellyfin.Api.Auth.CustomAuthenticationHandler: "CustomAuthentication" was not authenticated. Failure message: "Invalid token."
[2026-05-23 17:05:03.773 +00:00] [INF] [4] Jellyfin.Api.Auth.CustomAuthenticationHandler: AuthenticationScheme: "CustomAuthentication" was challenged.
[2026-05-23 17:05:03.773 +00:00] [INF] [4] Jellyfin.Api.Auth.CustomAuthenticationHandler: "CustomAuthentication" was not authenticated. Failure message: "Invalid token."
[2026-05-23 17:05:03.773 +00:00] [INF] [4] Jellyfin.Api.Auth.CustomAuthenticationHandler: "CustomAuthentication" was not authenticated. Failure message: "Invalid token."
[2026-05-23 17:05:03.775 +00:00] [INF] [18] Jellyfin.Api.Auth.CustomAuthenticationHandler: "CustomAuthentication" was not authenticated. Failure message: "Invalid token."
[2026-05-23 17:05:03.776 +00:00] [INF] [11] Jellyfin.Api.Auth.CustomAuthenticationHandler: "CustomAuthentication" was not authenticated. Failure message: "Invalid token."
[2026-05-23 17:05:03.776 +00:00] [INF] [11] Jellyfin.Api.Auth.CustomAuthenticationHandler: AuthenticationScheme: "CustomAuthentication" was challenged.
[2026-05-23 17:05:03.780 +00:00] [INF] [18] Jellyfin.Api.Auth.CustomAuthenticationHandler: "CustomAuthentication" was not authenticated. Failure message: "Invalid token."
[2026-05-23 17:05:03.780 +00:00] [INF] [18] Jellyfin.Api.Auth.CustomAuthenticationHandler: AuthenticationScheme: "CustomAuthentication" was challenged.
[2026-05-23 17:05:03.781 +00:00] [INF] [4] Jellyfin.Api.Auth.CustomAuthenticationHandler: AuthenticationScheme: "CustomAuthentication" was challenged.
[2026-05-23 17:05:03.843 +00:00] [INF] [4] Jellyfin.Api.Auth.CustomAuthenticationHandler: "CustomAuthentication" was not authenticated. Failure message: "Invalid token."
[2026-05-23 17:05:03.843 +00:00] [INF] [4] Jellyfin.Api.Auth.CustomAuthenticationHandler: "CustomAuthentication" was not authenticated. Failure message: "Invalid token."
[2026-05-23 17:05:03.843 +00:00] [INF] [4] Jellyfin.Api.Auth.CustomAuthenticationHandler: AuthenticationScheme: "CustomAuthentication" was challenged.
[2026-05-23 17:05:03.894 +00:00] [INF] [4] Jellyfin.Api.Auth.CustomAuthenticationHandler: "CustomAuthentication" was not authenticated. Failure message: "Invalid token."
[2026-05-23 17:05:03.894 +00:00] [INF] [4] Jellyfin.Api.Auth.CustomAuthenticationHandler: "CustomAuthentication" was not authenticated. Failure message: "Invalid token."
[2026-05-23 17:05:03.894 +00:00] [INF] [4] Jellyfin.Api.Auth.CustomAuthenticationHandler: AuthenticationScheme: "CustomAuthentication" was challenged.
[2026-05-23 17:05:03.895 +00:00] [INF] [4] Jellyfin.Api.Auth.CustomAuthenticationHandler: "CustomAuthentication" was not authenticated. Failure message: "Invalid token."
[2026-05-23 17:05:03.895 +00:00] [INF] [4] Jellyfin.Api.Auth.CustomAuthenticationHandler: "CustomAuthentication" was not authenticated. Failure message: "Invalid token."
[2026-05-23 17:05:03.895 +00:00] [INF] [4] Jellyfin.Api.Auth.CustomAuthenticationHandler: AuthenticationScheme: "CustomAuthentication" was challenged.
[2026-05-23 17:05:05.872 +00:00] [INF] [18] Jellyfin.Api.Auth.CustomAuthenticationHandler: "CustomAuthentication" was not authenticated. Failure message: "Invalid token."
[2026-05-23 17:05:05.872 +00:00] [INF] [18] Jellyfin.Api.Auth.CustomAuthenticationHandler: "CustomAuthentication" was not authenticated. Failure message: "Invalid token."
[2026-05-23 17:05:05.872 +00:00] [INF] [18] Jellyfin.Api.Auth.CustomAuthenticationHandler: AuthenticationScheme: "CustomAuthentication" was challenged.
[2026-05-23 17:05:05.874 +00:00] [INF] [11] Jellyfin.Api.Auth.CustomAuthenticationHandler: "CustomAuthentication" was not authenticated. Failure message: "Invalid token."
[2026-05-23 17:05:05.874 +00:00] [INF] [11] Jellyfin.Api.Auth.CustomAuthenticationHandler: "CustomAuthentication" was not authenticated. Failure message: "Invalid token."
[2026-05-23 17:05:05.874 +00:00] [INF] [11] Jellyfin.Api.Auth.CustomAuthenticationHandler: AuthenticationScheme: "CustomAuthentication" was challenged.
[2026-05-23 17:05:05.875 +00:00] [INF] [18] Jellyfin.Api.Auth.CustomAuthenticationHandler: "CustomAuthentication" was not authenticated. Failure message: "Invalid token."
[2026-05-23 17:05:05.875 +00:00] [INF] [18] Jellyfin.Api.Auth.CustomAuthenticationHandler: "CustomAuthentication" was not authenticated. Failure message: "Invalid token."
[2026-05-23 17:05:05.876 +00:00] [INF] [18] Jellyfin.Api.Auth.CustomAuthenticationHandler: AuthenticationScheme: "CustomAuthentication" was challenged.
[2026-05-23 17:05:05.875 +00:00] [INF] [11] Jellyfin.Api.Auth.CustomAuthenticationHandler: "CustomAuthentication" was not authenticated. Failure message: "Invalid token."
[2026-05-23 17:05:05.876 +00:00] [INF] [11] Jellyfin.Api.Auth.CustomAuthenticationHandler: "CustomAuthentication" was not authenticated. Failure message: "Invalid token."
[2026-05-23 17:05:05.876 +00:00] [INF] [11] Jellyfin.Api.Auth.CustomAuthenticationHandler: AuthenticationScheme: "CustomAuthentication" was challenged.
[2026-05-23 17:05:05.993 +00:00] [INF] [11] Jellyfin.Api.Auth.CustomAuthenticationHandler: "CustomAuthentication" was not authenticated. Failure message: "Invalid token."
[2026-05-23 17:05:05.993 +00:00] [INF] [11] Jellyfin.Api.Auth.CustomAuthenticationHandler: "CustomAuthentication" was not authenticated. Failure message: "Invalid token."
[2026-05-23 17:05:05.993 +00:00] [INF] [11] Jellyfin.Api.Auth.CustomAuthenticationHandler: AuthenticationScheme: "CustomAuthentication" was challenged.
[2026-05-23 17:05:05.994 +00:00] [INF] [11] Jellyfin.Api.Auth.CustomAuthenticationHandler: "CustomAuthentication" was not authenticated. Failure message: "Invalid token."
[2026-05-23 17:05:05.994 +00:00] [INF] [11] Jellyfin.Api.Auth.CustomAuthenticationHandler: "CustomAuthentication" was not authenticated. Failure message: "Invalid token."
[2026-05-23 17:05:05.994 +00:00] [INF] [11] Jellyfin.Api.Auth.CustomAuthenticationHandler: AuthenticationScheme: "CustomAuthentication" was challenged.
[2026-05-23 17:05:06.233 +00:00] [INF] [11] Jellyfin.Api.Auth.CustomAuthenticationHandler: "CustomAuthentication" was not authenticated. Failure message: "Invalid token."
[2026-05-23 17:05:06.234 +00:00] [INF] [11] Jellyfin.Api.Auth.CustomAuthenticationHandler: "CustomAuthentication" was not authenticated. Failure message: "Invalid token."
[2026-05-23 17:05:06.234 +00:00] [INF] [11] Jellyfin.Api.Auth.CustomAuthenticationHandler: AuthenticationScheme: "CustomAuthentication" was challenged.
[2026-05-23 17:05:09.972 +00:00] [INF] [11] Jellyfin.Api.Auth.CustomAuthenticationHandler: "CustomAuthentication" was not authenticated. Failure message: "Invalid token."
[2026-05-23 17:05:09.973 +00:00] [INF] [11] Jellyfin.Api.Auth.CustomAuthenticationHandler: "CustomAuthentication" was not authenticated. Failure message: "Invalid token."
[2026-05-23 17:05:09.973 +00:00] [INF] [11] Jellyfin.Api.Auth.CustomAuthenticationHandler: AuthenticationScheme: "CustomAuthentication" was challenged.
[2026-05-23 17:05:09.975 +00:00] [INF] [11] Jellyfin.Api.Auth.CustomAuthenticationHandler: "CustomAuthentication" was not authenticated. Failure message: "Invalid token."
[2026-05-23 17:05:09.976 +00:00] [INF] [11] Jellyfin.Api.Auth.CustomAuthenticationHandler: "CustomAuthentication" was not authenticated. Failure message: "Invalid token."
[2026-05-23 17:05:09.976 +00:00] [INF] [11] Jellyfin.Api.Auth.CustomAuthenticationHandler: AuthenticationScheme: "CustomAuthentication" was challenged.
[2026-05-23 17:05:09.978 +00:00] [INF] [18] Jellyfin.Api.Auth.CustomAuthenticationHandler: "CustomAuthentication" was not authenticated. Failure message: "Invalid token."
[2026-05-23 17:05:09.978 +00:00] [INF] [18] Jellyfin.Api.Auth.CustomAuthenticationHandler: "CustomAuthentication" was not authenticated. Failure message: "Invalid token."
[2026-05-23 17:05:09.978 +00:00] [INF] [18] Jellyfin.Api.Auth.CustomAuthenticationHandler: AuthenticationScheme: "CustomAuthentication" was challenged.
[2026-05-23 17:05:09.979 +00:00] [INF] [11] Jellyfin.Api.Auth.CustomAuthenticationHandler: "CustomAuthentication" was not authenticated. Failure message: "Invalid token."
[2026-05-23 17:05:09.979 +00:00] [INF] [11] Jellyfin.Api.Auth.CustomAuthenticationHandler: "CustomAuthentication" was not authenticated. Failure message: "Invalid token."
[2026-05-23 17:05:09.979 +00:00] [INF] [11] Jellyfin.Api.Auth.CustomAuthenticationHandler: AuthenticationScheme: "CustomAuthentication" was challenged.
[2026-05-23 17:05:10.101 +00:00] [INF] [11] Jellyfin.Api.Auth.CustomAuthenticationHandler: "CustomAuthentication" was not authenticated. Failure message: "Invalid token."
[2026-05-23 17:05:10.102 +00:00] [INF] [11] Jellyfin.Api.Auth.CustomAuthenticationHandler: "CustomAuthentication" was not authenticated. Failure message: "Invalid token."
[2026-05-23 17:05:10.102 +00:00] [INF] [11] Jellyfin.Api.Auth.CustomAuthenticationHandler: AuthenticationScheme: "CustomAuthentication" was challenged.
[2026-05-23 17:05:10.102 +00:00] [INF] [11] Jellyfin.Api.Auth.CustomAuthenticationHandler: "CustomAuthentication" was not authenticated. Failure message: "Invalid token."
[2026-05-23 17:05:10.102 +00:00] [INF] [11] Jellyfin.Api.Auth.CustomAuthenticationHandler: "CustomAuthentication" was not authenticated. Failure message: "Invalid token."
[2026-05-23 17:05:10.102 +00:00] [INF] [11] Jellyfin.Api.Auth.CustomAuthenticationHandler: AuthenticationScheme: "CustomAuthentication" was challenged.
[2026-05-23 17:05:10.333 +00:00] [INF] [11] Jellyfin.Api.Auth.CustomAuthenticationHandler: "CustomAuthentication" was not authenticated. Failure message: "Invalid token."
[2026-05-23 17:05:10.334 +00:00] [INF] [11] Jellyfin.Api.Auth.CustomAuthenticationHandler: "CustomAuthentication" was not authenticated. Failure message: "Invalid token."
[2026-05-23 17:05:10.334 +00:00] [INF] [11] Jellyfin.Api.Auth.CustomAuthenticationHandler: AuthenticationScheme: "CustomAuthentication" was challenged.
[2026-05-23 17:05:10.574 +00:00] [INF] [11] Jellyfin.Api.Auth.CustomAuthenticationHandler: "CustomAuthentication" was not authenticated. Failure message: "Invalid token."
[2026-05-23 17:05:10.574 +00:00] [INF] [11] Jellyfin.Api.Auth.CustomAuthenticationHandler: "CustomAuthentication" was not authenticated. Failure message: "Invalid token."
[2026-05-23 17:05:10.574 +00:00] [INF] [11] Jellyfin.Api.Auth.CustomAuthenticationHandler: AuthenticationScheme: "CustomAuthentication" was challenged.
[2026-05-23 17:05:11.209 +00:00] [INF] [4] Jellyfin.Api.Auth.CustomAuthenticationHandler: "CustomAuthentication" was not authenticated. Failure message: "Invalid token."
[2026-05-23 17:05:11.209 +00:00] [INF] [11] Jellyfin.Api.Auth.CustomAuthenticationHandler: "CustomAuthentication" was not authenticated. Failure message: "Invalid token."
[2026-05-23 17:05:11.209 +00:00] [INF] [4] Jellyfin.Api.Auth.CustomAuthenticationHandler: "CustomAuthentication" was not authenticated. Failure message: "Invalid token."
[2026-05-23 17:05:11.209 +00:00] [INF] [4] Jellyfin.Api.Auth.CustomAuthenticationHandler: AuthenticationScheme: "CustomAuthentication" was challenged.
[2026-05-23 17:05:11.209 +00:00] [INF] [11] Jellyfin.Api.Auth.CustomAuthenticationHandler: "CustomAuthentication" was not authenticated. Failure message: "Invalid token."
[2026-05-23 17:05:12.611 +00:00] [INF] [11] Jellyfin.Api.Auth.CustomAuthenticationHandler: "CustomAuthentication" was not authenticated. Failure message: "Invalid token."
[2026-05-23 17:05:12.611 +00:00] [INF] [11] Jellyfin.Api.Auth.CustomAuthenticationHandler: "CustomAuthentication" was not authenticated. Failure message: "Invalid token."
[2026-05-23 17:05:12.612 +00:00] [INF] [11] Jellyfin.Api.Auth.CustomAuthenticationHandler: AuthenticationScheme: "CustomAuthentication" was challenged.
[2026-05-23 17:05:14.710 +00:00] [INF] [11] Jellyfin.Api.Auth.CustomAuthenticationHandler: "CustomAuthentication" was not authenticated. Failure message: "Invalid token."
[2026-05-23 17:05:14.710 +00:00] [INF] [11] Jellyfin.Api.Auth.CustomAuthenticationHandler: "CustomAuthentication" was not authenticated. Failure message: "Invalid token."
[2026-05-23 17:05:14.710 +00:00] [INF] [11] Jellyfin.Api.Auth.CustomAuthenticationHandler: AuthenticationScheme: "CustomAuthentication" was challenged.
[2026-05-23 17:05:21.329 +00:00] [INF] [4] Jellyfin.Api.Auth.CustomAuthenticationHandler: "CustomAuthentication" was not authenticated. Failure message: "Invalid token."
[2026-05-23 17:05:21.345 +00:00] [INF] [11] Jellyfin.Api.Auth.CustomAuthenticationHandler: "CustomAuthentication" was not authenticated. Failure message: "Invalid token."
[2026-05-23 17:05:21.345 +00:00] [INF] [11] Jellyfin.Api.Auth.CustomAuthenticationHandler: "CustomAuthentication" was not authenticated. Failure message: "Invalid token."
[2026-05-23 17:05:21.345 +00:00] [INF] [11] Jellyfin.Api.Auth.CustomAuthenticationHandler: AuthenticationScheme: "CustomAuthentication" was challenged.
[2026-05-23 17:05:21.346 +00:00] [INF] [4] Jellyfin.Api.Auth.CustomAuthenticationHandler: "CustomAuthentication" was not authenticated. Failure message: "Invalid token."
[2026-05-23 17:05:21.346 +00:00] [INF] [4] Jellyfin.Api.Auth.CustomAuthenticationHandler: AuthenticationScheme: "CustomAuthentication" was challenged.
[2026-05-23 17:05:21.346 +00:00] [INF] [18] Jellyfin.Api.Auth.CustomAuthenticationHandler: "CustomAuthentication" was not authenticated. Failure message: "Invalid token."
[2026-05-23 17:05:21.347 +00:00] [INF] [18] Jellyfin.Api.Auth.CustomAuthenticationHandler: "CustomAuthentication" was not authenticated. Failure message: "Invalid token."
[2026-05-23 17:05:21.350 +00:00] [INF] [15] Jellyfin.Api.Auth.CustomAuthenticationHandler: "CustomAuthentication" was not authenticated. Failure message: "Invalid token."
[2026-05-23 17:05:21.351 +00:00] [INF] [15] Jellyfin.Api.Auth.CustomAuthenticationHandler: "CustomAuthentication" was not authenticated. Failure message: "Invalid token."
[2026-05-23 17:05:21.408 +00:00] [INF] [4] Jellyfin.Api.Auth.CustomAuthenticationHandler: "CustomAuthentication" was not authenticated. Failure message: "Invalid token."
[2026-05-23 17:05:21.409 +00:00] [ERR] [4] Jellyfin.Api.Middleware.ExceptionMiddleware: Error processing request: "Invalid token". URL "GET" "/socket".
[2026-05-23 17:05:22.447 +00:00] [INF] [4] Jellyfin.Api.Auth.CustomAuthenticationHandler: "CustomAuthentication" was not authenticated. Failure message: "Invalid token."
[2026-05-23 17:05:22.447 +00:00] [INF] [4] Jellyfin.Api.Auth.CustomAuthenticationHandler: "CustomAuthentication" was not authenticated. Failure message: "Invalid token."
[2026-05-23 17:05:22.447 +00:00] [INF] [4] Jellyfin.Api.Auth.CustomAuthenticationHandler: AuthenticationScheme: "CustomAuthentication" was challenged.
[2026-05-23 17:05:23.057 +00:00] [INF] [6] Jellyfin.Api.Auth.CustomAuthenticationHandler: "CustomAuthentication" was not authenticated. Failure message: "Invalid token."
[2026-05-23 17:05:23.057 +00:00] [INF] [6] Jellyfin.Api.Auth.CustomAuthenticationHandler: "CustomAuthentication" was not authenticated. Failure message: "Invalid token."
[2026-05-23 17:05:23.057 +00:00] [INF] [4] Jellyfin.Api.Auth.CustomAuthenticationHandler: "CustomAuthentication" was not authenticated. Failure message: "Invalid token."
[2026-05-23 17:05:23.057 +00:00] [INF] [4] Jellyfin.Api.Auth.CustomAuthenticationHandler: "CustomAuthentication" was not authenticated. Failure message: "Invalid token."
[2026-05-23 17:05:23.074 +00:00] [INF] [4] Jellyfin.Api.Auth.CustomAuthenticationHandler: "CustomAuthentication" was not authenticated. Failure message: "Invalid token."
[2026-05-23 17:05:23.074 +00:00] [INF] [4] Jellyfin.Api.Auth.CustomAuthenticationHandler: "CustomAuthentication" was not authenticated. Failure message: "Invalid token."
[2026-05-23 17:05:23.261 +00:00] [INF] [4] Jellyfin.Api.Auth.CustomAuthenticationHandler: "CustomAuthentication" was not authenticated. Failure message: "Invalid token."
[2026-05-23 17:05:23.261 +00:00] [INF] [4] Jellyfin.Api.Auth.CustomAuthenticationHandler: "CustomAuthentication" was not authenticated. Failure message: "Invalid token."
[2026-05-23 17:05:24.517 +00:00] [INF] [6] Jellyfin.Api.Auth.CustomAuthenticationHandler: "CustomAuthentication" was not authenticated. Failure message: "Invalid token."
[2026-05-23 17:05:24.517 +00:00] [INF] [6] Jellyfin.Api.Auth.CustomAuthenticationHandler: "CustomAuthentication" was not authenticated. Failure message: "Invalid token."
[2026-05-23 17:05:24.517 +00:00] [INF] [6] Jellyfin.Api.Auth.CustomAuthenticationHandler: AuthenticationScheme: "CustomAuthentication" was challenged.
[2026-05-23 17:05:27.297 +00:00] [INF] [6] Jellyfin.Api.Auth.CustomAuthenticationHandler: "CustomAuthentication" was not authenticated. Failure message: "Invalid token."
[2026-05-23 17:05:27.297 +00:00] [INF] [6] Jellyfin.Api.Auth.CustomAuthenticationHandler: "CustomAuthentication" was not authenticated. Failure message: "Invalid token."
[2026-05-23 17:05:27.297 +00:00] [INF] [6] Jellyfin.Api.Auth.CustomAuthenticationHandler: AuthenticationScheme: "CustomAuthentication" was challenged.
[2026-05-23 17:05:27.297 +00:00] [INF] [15] Jellyfin.Api.Auth.CustomAuthenticationHandler: "CustomAuthentication" was not authenticated. Failure message: "Invalid token."
[2026-05-23 17:05:27.297 +00:00] [INF] [15] Jellyfin.Api.Auth.CustomAuthenticationHandler: "CustomAuthentication" was not authenticated. Failure message: "Invalid token."
[2026-05-23 17:05:27.297 +00:00] [INF] [4] Jellyfin.Api.Auth.CustomAuthenticationHandler: "CustomAuthentication" was not authenticated. Failure message: "Invalid token."
[2026-05-23 17:05:27.297 +00:00] [INF] [4] Jellyfin.Api.Auth.CustomAuthenticationHandler: "CustomAuthentication" was not authenticated. Failure message: "Invalid token."
[2026-05-23 17:05:27.371 +00:00] [INF] [18] Jellyfin.Api.Auth.CustomAuthenticationHandler: "CustomAuthentication" was not authenticated. Failure message: "Invalid token."
[2026-05-23 17:05:27.371 +00:00] [ERR] [18] Jellyfin.Api.Middleware.ExceptionMiddleware: Error processing request: "Invalid token". URL "GET" "/socket".
[2026-05-23 17:05:28.403 +00:00] [INF] [18] Jellyfin.Api.Auth.CustomAuthenticationHandler: "CustomAuthentication" was not authenticated. Failure message: "Invalid token."
[2026-05-23 17:05:28.403 +00:00] [INF] [18] Jellyfin.Api.Auth.CustomAuthenticationHandler: "CustomAuthentication" was not authenticated. Failure message: "Invalid token."
[2026-05-23 17:05:28.403 +00:00] [INF] [18] Jellyfin.Api.Auth.CustomAuthenticationHandler: AuthenticationScheme: "CustomAuthentication" was challenged.
[2026-05-23 17:05:28.534 +00:00] [INF] [15] Jellyfin.Api.Auth.CustomAuthenticationHandler: "CustomAuthentication" was not authenticated. Failure message: "Invalid token."
[2026-05-23 17:05:28.536 +00:00] [INF] [15] Jellyfin.Api.Auth.CustomAuthenticationHandler: "CustomAuthentication" was not authenticated. Failure message: "Invalid token."
[2026-05-23 17:05:28.536 +00:00] [INF] [15] Jellyfin.Api.Auth.CustomAuthenticationHandler: AuthenticationScheme: "CustomAuthentication" was challenged.
[2026-05-23 17:05:30.102 +00:00] [INF] [15] Jellyfin.Api.Auth.CustomAuthenticationHandler: "CustomAuthentication" was not authenticated. Failure message: "Invalid token."
[2026-05-23 17:05:30.102 +00:00] [INF] [15] Jellyfin.Api.Auth.CustomAuthenticationHandler: "CustomAuthentication" was not authenticated. Failure message: "Invalid token."
[2026-05-23 17:05:30.460 +00:00] [INF] [6] Jellyfin.Api.Auth.CustomAuthenticationHandler: "CustomAuthentication" was not authenticated. Failure message: "Invalid token."
[2026-05-23 17:05:30.460 +00:00] [INF] [6] Jellyfin.Api.Auth.CustomAuthenticationHandler: "CustomAuthentication" was not authenticated. Failure message: "Invalid token."
[2026-05-23 17:05:30.461 +00:00] [INF] [6] Jellyfin.Api.Auth.CustomAuthenticationHandler: AuthenticationScheme: "CustomAuthentication" was challenged.
[2026-05-23 17:05:40.070 +00:00] [INF] [15] Jellyfin.Api.Auth.CustomAuthenticationHandler: "CustomAuthentication" was not authenticated. Failure message: "Invalid token."
[2026-05-23 17:05:40.070 +00:00] [INF] [4] Jellyfin.Api.Auth.CustomAuthenticationHandler: "CustomAuthentication" was not authenticated. Failure message: "Invalid token."
[2026-05-23 17:05:40.070 +00:00] [INF] [15] Jellyfin.Api.Auth.CustomAuthenticationHandler: "CustomAuthentication" was not authenticated. Failure message: "Invalid token."
[2026-05-23 17:05:40.070 +00:00] [INF] [4] Jellyfin.Api.Auth.CustomAuthenticationHandler: "CustomAuthentication" was not authenticated. Failure message: "Invalid token."
[2026-05-23 17:05:40.070 +00:00] [INF] [4] Jellyfin.Api.Auth.CustomAuthenticationHandler: AuthenticationScheme: "CustomAuthentication" was challenged.
[2026-05-23 17:05:40.072 +00:00] [INF] [11] Jellyfin.Api.Auth.CustomAuthenticationHandler: "CustomAuthentication" was not authenticated. Failure message: "Invalid token."
[2026-05-23 17:05:40.072 +00:00] [INF] [11] Jellyfin.Api.Auth.CustomAuthenticationHandler: "CustomAuthentication" was not authenticated. Failure message: "Invalid token."
[2026-05-23 17:05:40.072 +00:00] [INF] [11] Jellyfin.Api.Auth.CustomAuthenticationHandler: AuthenticationScheme: "CustomAuthentication" was challenged.
[2026-05-23 17:05:40.073 +00:00] [INF] [6] Jellyfin.Api.Auth.CustomAuthenticationHandler: "CustomAuthentication" was not authenticated. Failure message: "Invalid token."
[2026-05-23 17:05:40.074 +00:00] [INF] [6] Jellyfin.Api.Auth.CustomAuthenticationHandler: "CustomAuthentication" was not authenticated. Failure message: "Invalid token."
[2026-05-23 17:05:40.151 +00:00] [INF] [11] Jellyfin.Api.Auth.CustomAuthenticationHandler: "CustomAuthentication" was not authenticated. Failure message: "Invalid token."
[2026-05-23 17:05:40.153 +00:00] [ERR] [11] Jellyfin.Api.Middleware.ExceptionMiddleware: Error processing request: "Invalid token". URL "GET" "/socket".
[2026-05-23 17:05:41.116 +00:00] [INF] [11] Jellyfin.Api.Auth.CustomAuthenticationHandler: "CustomAuthentication" was not authenticated. Failure message: "Invalid token."
[2026-05-23 17:05:41.117 +00:00] [INF] [11] Jellyfin.Api.Auth.CustomAuthenticationHandler: "CustomAuthentication" was not authenticated. Failure message: "Invalid token."
[2026-05-23 17:05:41.117 +00:00] [INF] [11] Jellyfin.Api.Auth.CustomAuthenticationHandler: AuthenticationScheme: "CustomAuthentication" was challenged.
[2026-05-23 17:05:41.192 +00:00] [INF] [11] Jellyfin.Api.Auth.CustomAuthenticationHandler: "CustomAuthentication" was not authenticated. Failure message: "Invalid token."
[2026-05-23 17:05:41.193 +00:00] [INF] [11] Jellyfin.Api.Auth.CustomAuthenticationHandler: "CustomAuthentication" was not authenticated. Failure message: "Invalid token."
[2026-05-23 17:05:41.193 +00:00] [INF] [11] Jellyfin.Api.Auth.CustomAuthenticationHandler: AuthenticationScheme: "CustomAuthentication" was challenged.
[2026-05-23 17:05:41.346 +00:00] [INF] [11] Jellyfin.Api.Auth.CustomAuthenticationHandler: "CustomAuthentication" was not authenticated. Failure message: "Invalid token."
[2026-05-23 17:05:41.350 +00:00] [INF] [19] Jellyfin.Api.Auth.CustomAuthenticationHandler: "CustomAuthentication" was not authenticated. Failure message: "Invalid token."
[2026-05-23 17:05:41.350 +00:00] [INF] [19] Jellyfin.Api.Auth.CustomAuthenticationHandler: "CustomAuthentication" was not authenticated. Failure message: "Invalid token."
[2026-05-23 17:05:41.448 +00:00] [INF] [11] Jellyfin.Api.Auth.CustomAuthenticationHandler: "CustomAuthentication" was not authenticated. Failure message: "Invalid token."
[2026-05-23 17:05:41.449 +00:00] [INF] [11] Jellyfin.Api.Auth.CustomAuthenticationHandler: "CustomAuthentication" was not authenticated. Failure message: "Invalid token."
[2026-05-23 17:05:42.274 +00:00] [INF] [6] Jellyfin.Api.Auth.CustomAuthenticationHandler: "CustomAuthentication" was not authenticated. Failure message: "Invalid token."
[2026-05-23 17:05:42.275 +00:00] [INF] [6] Jellyfin.Api.Auth.CustomAuthenticationHandler: "CustomAuthentication" was not authenticated. Failure message: "Invalid token."
[2026-05-23 17:05:42.277 +00:00] [INF] [6] Jellyfin.Api.Auth.CustomAuthenticationHandler: AuthenticationScheme: "CustomAuthentication" was challenged.
[2026-05-23 17:05:43.214 +00:00] [INF] [6] Jellyfin.Api.Auth.CustomAuthenticationHandler: "CustomAuthentication" was not authenticated. Failure message: "Invalid token."
[2026-05-23 17:05:43.214 +00:00] [INF] [6] Jellyfin.Api.Auth.CustomAuthenticationHandler: "CustomAuthentication" was not authenticated. Failure message: "Invalid token."
[2026-05-23 17:05:43.214 +00:00] [INF] [6] Jellyfin.Api.Auth.CustomAuthenticationHandler: AuthenticationScheme: "CustomAuthentication" was challenged.
[2026-05-23 17:05:44.368 +00:00] [INF] [11] Jellyfin.Api.Auth.CustomAuthenticationHandler: "CustomAuthentication" was not authenticated. Failure message: "Invalid token."
[2026-05-23 17:05:44.368 +00:00] [INF] [11] Jellyfin.Api.Auth.CustomAuthenticationHandler: "CustomAuthentication" was not authenticated. Failure message: "Invalid token."
[2026-05-23 17:05:44.369 +00:00] [INF] [11] Jellyfin.Api.Auth.CustomAuthenticationHandler: AuthenticationScheme: "CustomAuthentication" was challenged.
[2026-05-23 17:05:54.223 +00:00] [INF] [19] Jellyfin.Api.Auth.CustomAuthenticationHandler: "CustomAuthentication" was not authenticated. Failure message: "Invalid token."
[2026-05-23 17:05:54.223 +00:00] [INF] [19] Jellyfin.Api.Auth.CustomAuthenticationHandler: "CustomAuthentication" was not authenticated. Failure message: "Invalid token."
[2026-05-23 17:05:54.224 +00:00] [INF] [19] Jellyfin.Api.Auth.CustomAuthenticationHandler: AuthenticationScheme: "CustomAuthentication" was challenged.
[2026-05-23 17:05:54.224 +00:00] [INF] [19] Jellyfin.Api.Auth.CustomAuthenticationHandler: "CustomAuthentication" was not authenticated. Failure message: "Invalid token."
[2026-05-23 17:05:54.224 +00:00] [INF] [19] Jellyfin.Api.Auth.CustomAuthenticationHandler: "CustomAuthentication" was not authenticated. Failure message: "Invalid token."
[2026-05-23 17:05:54.224 +00:00] [INF] [19] Jellyfin.Api.Auth.CustomAuthenticationHandler: AuthenticationScheme: "CustomAuthentication" was challenged.
[2026-05-23 17:05:54.224 +00:00] [INF] [19] Jellyfin.Api.Auth.CustomAuthenticationHandler: "CustomAuthentication" was not authenticated. Failure message: "Invalid token."
[2026-05-23 17:05:54.224 +00:00] [INF] [19] Jellyfin.Api.Auth.CustomAuthenticationHandler: "CustomAuthentication" was not authenticated. Failure message: "Invalid token."
[2026-05-23 17:05:54.225 +00:00] [INF] [11] Jellyfin.Api.Auth.CustomAuthenticationHandler: "CustomAuthentication" was not authenticated. Failure message: "Invalid token."
[2026-05-23 17:05:54.225 +00:00] [INF] [11] Jellyfin.Api.Auth.CustomAuthenticationHandler: "CustomAuthentication" was not authenticated. Failure message: "Invalid token."
[2026-05-23 17:05:54.295 +00:00] [INF] [6] Jellyfin.Api.Auth.CustomAuthenticationHandler: "CustomAuthentication" was not authenticated. Failure message: "Invalid token."
[2026-05-23 17:05:54.296 +00:00] [ERR] [6] Jellyfin.Api.Middleware.ExceptionMiddleware: Error processing request: "Invalid token". URL "GET" "/socket".
[2026-05-23 17:05:55.960 +00:00] [INF] [6] Jellyfin.Api.Auth.CustomAuthenticationHandler: "CustomAuthentication" was not authenticated. Failure message: "Invalid token."
[2026-05-23 17:05:55.960 +00:00] [INF] [6] Jellyfin.Api.Auth.CustomAuthenticationHandler: "CustomAuthentication" was not authenticated. Failure message: "Invalid token."
[2026-05-23 17:05:55.962 +00:00] [INF] [11] Jellyfin.Api.Auth.CustomAuthenticationHandler: "CustomAuthentication" was not authenticated. Failure message: "Invalid token."
[2026-05-23 17:05:55.962 +00:00] [INF] [11] Jellyfin.Api.Auth.CustomAuthenticationHandler: "CustomAuthentication" was not authenticated. Failure message: "Invalid token."
[2026-05-23 17:05:58.076 +00:00] [INF] [11] Jellyfin.Api.Auth.CustomAuthenticationHandler: "CustomAuthentication" was not authenticated. Failure message: "Invalid token."
[2026-05-23 17:05:58.076 +00:00] [INF] [11] Jellyfin.Api.Auth.CustomAuthenticationHandler: "CustomAuthentication" was not authenticated. Failure message: "Invalid token."
[2026-05-23 17:05:58.078 +00:00] [INF] [19] Jellyfin.Api.Auth.CustomAuthenticationHandler: "CustomAuthentication" was not authenticated. Failure message: "Invalid token."
[2026-05-23 17:05:58.078 +00:00] [INF] [19] Jellyfin.Api.Auth.CustomAuthenticationHandler: "CustomAuthentication" was not authenticated. Failure message: "Invalid token."
[2026-05-23 17:06:01.201 +00:00] [INF] [11] Jellyfin.Api.Auth.CustomAuthenticationHandler: "CustomAuthentication" was not authenticated. Failure message: "Invalid token."
[2026-05-23 17:06:01.201 +00:00] [INF] [11] Jellyfin.Api.Auth.CustomAuthenticationHandler: "CustomAuthentication" was not authenticated. Failure message: "Invalid token."
[2026-05-23 17:06:01.201 +00:00] [INF] [11] Jellyfin.Api.Auth.CustomAuthenticationHandler: AuthenticationScheme: "CustomAuthentication" was challenged.
[2026-05-23 17:06:02.299 +00:00] [INF] [6] Jellyfin.Api.Auth.CustomAuthenticationHandler: "CustomAuthentication" was not authenticated. Failure message: "Invalid token."
[2026-05-23 17:06:02.299 +00:00] [INF] [6] Jellyfin.Api.Auth.CustomAuthenticationHandler: "CustomAuthentication" was not authenticated. Failure message: "Invalid token."
[2026-05-23 17:06:02.299 +00:00] [INF] [6] Jellyfin.Api.Auth.CustomAuthenticationHandler: AuthenticationScheme: "CustomAuthentication" was challenged.
[2026-05-23 17:06:03.661 +00:00] [INF] [11] Jellyfin.Api.Auth.CustomAuthenticationHandler: "CustomAuthentication" was not authenticated. Failure message: "Invalid token."
[2026-05-23 17:06:03.661 +00:00] [INF] [6] Jellyfin.Api.Auth.CustomAuthenticationHandler: "CustomAuthentication" was not authenticated. Failure message: "Invalid token."
[2026-05-23 17:06:03.661 +00:00] [INF] [6] Jellyfin.Api.Auth.CustomAuthenticationHandler: "CustomAuthentication" was not authenticated. Failure message: "Invalid token."
[2026-05-23 17:06:03.661 +00:00] [INF] [11] Jellyfin.Api.Auth.CustomAuthenticationHandler: "CustomAuthentication" was not authenticated. Failure message: "Invalid token."
[2026-05-23 17:06:04.392 +00:00] [INF] [6] Jellyfin.Api.Auth.CustomAuthenticationHandler: "CustomAuthentication" was not authenticated. Failure message: "Invalid token."
[2026-05-23 17:06:04.392 +00:00] [INF] [6] Jellyfin.Api.Auth.CustomAuthenticationHandler: "CustomAuthentication" was not authenticated. Failure message: "Invalid token."
[2026-05-23 17:06:04.392 +00:00] [INF] [6] Jellyfin.Api.Auth.CustomAuthenticationHandler: AuthenticationScheme: "CustomAuthentication" was challenged.
[2026-05-23 17:06:05.175 +00:00] [INF] [19] Jellyfin.Api.Auth.CustomAuthenticationHandler: "CustomAuthentication" was not authenticated. Failure message: "Invalid token."
[2026-05-23 17:06:05.175 +00:00] [INF] [19] Jellyfin.Api.Auth.CustomAuthenticationHandler: "CustomAuthentication" was not authenticated. Failure message: "Invalid token."
[2026-05-23 17:06:05.176 +00:00] [INF] [6] Jellyfin.Api.Auth.CustomAuthenticationHandler: "CustomAuthentication" was not authenticated. Failure message: "Invalid token."
[2026-05-23 17:06:05.176 +00:00] [INF] [6] Jellyfin.Api.Auth.CustomAuthenticationHandler: "CustomAuthentication" was not authenticated. Failure message: "Invalid token."
[2026-05-23 17:06:07.706 +00:00] [INF] [19] Jellyfin.Api.Auth.CustomAuthenticationHandler: "CustomAuthentication" was not authenticated. Failure message: "Invalid token."
[2026-05-23 17:06:07.706 +00:00] [INF] [19] Jellyfin.Api.Auth.CustomAuthenticationHandler: "CustomAuthentication" was not authenticated. Failure message: "Invalid token."
[2026-05-23 17:06:07.827 +00:00] [INF] [19] Jellyfin.Api.Auth.CustomAuthenticationHandler: "CustomAuthentication" was not authenticated. Failure message: "Invalid token."
[2026-05-23 17:06:07.827 +00:00] [INF] [19] Jellyfin.Api.Auth.CustomAuthenticationHandler: "CustomAuthentication" was not authenticated. Failure message: "Invalid token."
[2026-05-23 17:06:08.498 +00:00] [INF] [11] Jellyfin.Api.Auth.CustomAuthenticationHandler: "CustomAuthentication" was not authenticated. Failure message: "Invalid token."
[2026-05-23 17:06:08.498 +00:00] [INF] [11] Jellyfin.Api.Auth.CustomAuthenticationHandler: "CustomAuthentication" was not authenticated. Failure message: "Invalid token."
[2026-05-23 17:06:08.498 +00:00] [INF] [11] Jellyfin.Api.Auth.CustomAuthenticationHandler: AuthenticationScheme: "CustomAuthentication" was challenged.
[2026-05-23 17:06:09.329 +00:00] [INF] [11] Jellyfin.Api.Auth.CustomAuthenticationHandler: "CustomAuthentication" was not authenticated. Failure message: "Invalid token."
[2026-05-23 17:06:09.329 +00:00] [INF] [11] Jellyfin.Api.Auth.CustomAuthenticationHandler: "CustomAuthentication" was not authenticated. Failure message: "Invalid token."
[2026-05-23 17:06:09.329 +00:00] [INF] [19] Jellyfin.Api.Auth.CustomAuthenticationHandler: "CustomAuthentication" was not authenticated. Failure message: "Invalid token."
[2026-05-23 17:06:09.330 +00:00] [INF] [19] Jellyfin.Api.Auth.CustomAuthenticationHandler: "CustomAuthentication" was not authenticated. Failure message: "Invalid token."
[2026-05-23 17:06:11.199 +00:00] [INF] [11] Jellyfin.Api.Auth.CustomAuthenticationHandler: "CustomAuthentication" was not authenticated. Failure message: "Invalid token."
[2026-05-23 17:06:11.199 +00:00] [INF] [11] Jellyfin.Api.Auth.CustomAuthenticationHandler: "CustomAuthentication" was not authenticated. Failure message: "Invalid token."
[2026-05-23 17:06:11.199 +00:00] [INF] [11] Jellyfin.Api.Auth.CustomAuthenticationHandler: AuthenticationScheme: "CustomAuthentication" was challenged.
[2026-05-23 17:06:12.289 +00:00] [INF] [19] Jellyfin.Api.Auth.CustomAuthenticationHandler: "CustomAuthentication" was not authenticated. Failure message: "Invalid token."
[2026-05-23 17:06:12.290 +00:00] [INF] [19] Jellyfin.Api.Auth.CustomAuthenticationHandler: "CustomAuthentication" was not authenticated. Failure message: "Invalid token."
[2026-05-23 17:06:12.290 +00:00] [INF] [19] Jellyfin.Api.Auth.CustomAuthenticationHandler: AuthenticationScheme: "CustomAuthentication" was challenged.
[2026-05-23 17:06:13.547 +00:00] [INF] [19] Jellyfin.Api.Auth.CustomAuthenticationHandler: "CustomAuthentication" was not authenticated. Failure message: "Invalid token."
[2026-05-23 17:06:13.547 +00:00] [INF] [19] Jellyfin.Api.Auth.CustomAuthenticationHandler: "CustomAuthentication" was not authenticated. Failure message: "Invalid token."
[2026-05-23 17:06:14.387 +00:00] [INF] [19] Jellyfin.Api.Auth.CustomAuthenticationHandler: "CustomAuthentication" was not authenticated. Failure message: "Invalid token."
[2026-05-23 17:06:14.387 +00:00] [INF] [19] Jellyfin.Api.Auth.CustomAuthenticationHandler: "CustomAuthentication" was not authenticated. Failure message: "Invalid token."
[2026-05-23 17:06:14.387 +00:00] [INF] [19] Jellyfin.Api.Auth.CustomAuthenticationHandler: AuthenticationScheme: "CustomAuthentication" was challenged.
[2026-05-23 17:06:20.838 +00:00] [INF] [11] Jellyfin.Api.Auth.CustomAuthenticationHandler: "CustomAuthentication" was not authenticated. Failure message: "Invalid token."
[2026-05-23 17:06:20.839 +00:00] [INF] [11] Jellyfin.Api.Auth.CustomAuthenticationHandler: "CustomAuthentication" was not authenticated. Failure message: "Invalid token."
[2026-05-23 17:06:20.839 +00:00] [INF] [11] Jellyfin.Api.Auth.CustomAuthenticationHandler: "CustomAuthentication" was not authenticated. Failure message: "Invalid token."
[2026-05-23 17:06:20.839 +00:00] [INF] [11] Jellyfin.Api.Auth.CustomAuthenticationHandler: "CustomAuthentication" was not authenticated. Failure message: "Invalid token."
[2026-05-23 17:06:20.839 +00:00] [INF] [6] Jellyfin.Api.Auth.CustomAuthenticationHandler: "CustomAuthentication" was not authenticated. Failure message: "Invalid token."
[2026-05-23 17:06:20.840 +00:00] [INF] [6] Jellyfin.Api.Auth.CustomAuthenticationHandler: "CustomAuthentication" was not authenticated. Failure message: "Invalid token."
[2026-05-23 17:06:20.840 +00:00] [INF] [6] Jellyfin.Api.Auth.CustomAuthenticationHandler: AuthenticationScheme: "CustomAuthentication" was challenged.
[2026-05-23 17:06:20.840 +00:00] [INF] [19] Jellyfin.Api.Auth.CustomAuthenticationHandler: "CustomAuthentication" was not authenticated. Failure message: "Invalid token."
[2026-05-23 17:06:20.840 +00:00] [INF] [19] Jellyfin.Api.Auth.CustomAuthenticationHandler: "CustomAuthentication" was not authenticated. Failure message: "Invalid token."
[2026-05-23 17:06:20.840 +00:00] [INF] [19] Jellyfin.Api.Auth.CustomAuthenticationHandler: AuthenticationScheme: "CustomAuthentication" was challenged.
[2026-05-23 17:06:20.921 +00:00] [INF] [19] Jellyfin.Api.Auth.CustomAuthenticationHandler: "CustomAuthentication" was not authenticated. Failure message: "Invalid token."
[2026-05-23 17:06:20.922 +00:00] [ERR] [19] Jellyfin.Api.Middleware.ExceptionMiddleware: Error processing request: "Invalid token". URL "GET" "/socket".
[2026-05-23 17:06:21.122 +00:00] [INF] [6] Jellyfin.Api.Auth.CustomAuthenticationHandler: "CustomAuthentication" was not authenticated. Failure message: "Invalid token."
[2026-05-23 17:06:21.122 +00:00] [INF] [6] Jellyfin.Api.Auth.CustomAuthenticationHandler: "CustomAuthentication" was not authenticated. Failure message: "Invalid token."
[2026-05-23 17:06:21.122 +00:00] [INF] [6] Jellyfin.Api.Auth.CustomAuthenticationHandler: AuthenticationScheme: "CustomAuthentication" was challenged.
[2026-05-23 17:06:21.918 +00:00] [INF] [6] Jellyfin.Api.Auth.CustomAuthenticationHandler: "CustomAuthentication" was not authenticated. Failure message: "Invalid token."
[2026-05-23 17:06:21.918 +00:00] [INF] [6] Jellyfin.Api.Auth.CustomAuthenticationHandler: "CustomAuthentication" was not authenticated. Failure message: "Invalid token."
[2026-05-23 17:06:21.918 +00:00] [INF] [6] Jellyfin.Api.Auth.CustomAuthenticationHandler: AuthenticationScheme: "CustomAuthentication" was challenged.
[2026-05-23 17:06:22.227 +00:00] [INF] [6] Jellyfin.Api.Auth.CustomAuthenticationHandler: "CustomAuthentication" was not authenticated. Failure message: "Invalid token."
[2026-05-23 17:06:22.227 +00:00] [INF] [6] Jellyfin.Api.Auth.CustomAuthenticationHandler: "CustomAuthentication" was not authenticated. Failure message: "Invalid token."
[2026-05-23 17:06:22.227 +00:00] [INF] [6] Jellyfin.Api.Auth.CustomAuthenticationHandler: AuthenticationScheme: "CustomAuthentication" was challenged.
[2026-05-23 17:06:24.009 +00:00] [INF] [6] Jellyfin.Api.Auth.CustomAuthenticationHandler: "CustomAuthentication" was not authenticated. Failure message: "Invalid token."
[2026-05-23 17:06:24.009 +00:00] [INF] [6] Jellyfin.Api.Auth.CustomAuthenticationHandler: "CustomAuthentication" was not authenticated. Failure message: "Invalid token."
[2026-05-23 17:06:24.009 +00:00] [INF] [6] Jellyfin.Api.Auth.CustomAuthenticationHandler: AuthenticationScheme: "CustomAuthentication" was challenged.
[2026-05-23 17:06:24.317 +00:00] [INF] [11] Jellyfin.Api.Auth.CustomAuthenticationHandler: "CustomAuthentication" was not authenticated. Failure message: "Invalid token."
[2026-05-23 17:06:24.318 +00:00] [INF] [11] Jellyfin.Api.Auth.CustomAuthenticationHandler: "CustomAuthentication" was not authenticated. Failure message: "Invalid token."
[2026-05-23 17:06:24.318 +00:00] [INF] [11] Jellyfin.Api.Auth.CustomAuthenticationHandler: AuthenticationScheme: "CustomAuthentication" was challenged.
[2026-05-23 17:06:24.967 +00:00] [INF] [11] Jellyfin.Api.Auth.CustomAuthenticationHandler: "CustomAuthentication" was not authenticated. Failure message: "Invalid token."
[2026-05-23 17:06:24.967 +00:00] [INF] [11] Jellyfin.Api.Auth.CustomAuthenticationHandler: "CustomAuthentication" was not authenticated. Failure message: "Invalid token."
[2026-05-23 17:06:25.270 +00:00] [WRN] [11] MediaBrowser.Controller.Entities.BaseItem: Library folder "/movies" is inaccessible or empty, skipping
[2026-05-23 17:06:25.272 +00:00] [WRN] [11] MediaBrowser.Controller.Entities.BaseItem: Library folder "/config/data/playlists" is inaccessible or empty, skipping
[2026-05-23 17:06:25.402 +00:00] [INF] [20] Emby.Server.Implementations.Library.LibraryManager: Validating media library
[2026-05-23 17:06:25.407 +00:00] [WRN] [20] MediaBrowser.Controller.Entities.BaseItem: Library folder "/movies" is inaccessible or empty, skipping
[2026-05-23 17:06:25.407 +00:00] [WRN] [20] MediaBrowser.Controller.Entities.BaseItem: Library folder "/config/data/playlists" is inaccessible or empty, skipping
[2026-05-23 17:06:25.427 +00:00] [WRN] [20] MediaBrowser.Controller.Entities.BaseItem: Library folder "/movies" is inaccessible or empty, skipping
[2026-05-23 17:06:25.427 +00:00] [WRN] [20] MediaBrowser.Controller.Entities.BaseItem: Library folder "/config/data/playlists" is inaccessible or empty, skipping
[2026-05-23 17:06:25.619 +00:00] [INF] [20] Emby.Server.Implementations.ScheduledTasks.TaskManager: "Scan Media Library" Completed after 0 minute(s) and 0 seconds
[2026-05-23 17:06:25.664 +00:00] [INF] [6] Jellyfin.Api.Auth.CustomAuthenticationHandler: "CustomAuthentication" was not authenticated. Failure message: "Invalid token."
[2026-05-23 17:06:25.664 +00:00] [INF] [6] Jellyfin.Api.Auth.CustomAuthenticationHandler: "CustomAuthentication" was not authenticated. Failure message: "Invalid token."
[2026-05-23 17:06:28.110 +00:00] [INF] [20] Jellyfin.Api.Auth.CustomAuthenticationHandler: "CustomAuthentication" was not authenticated. Failure message: "Invalid token."
[2026-05-23 17:06:28.110 +00:00] [INF] [20] Jellyfin.Api.Auth.CustomAuthenticationHandler: "CustomAuthentication" was not authenticated. Failure message: "Invalid token."
[2026-05-23 17:06:28.111 +00:00] [INF] [20] Jellyfin.Api.Auth.CustomAuthenticationHandler: AuthenticationScheme: "CustomAuthentication" was challenged.
[2026-05-23 17:06:28.416 +00:00] [INF] [20] Jellyfin.Api.Auth.CustomAuthenticationHandler: "CustomAuthentication" was not authenticated. Failure message: "Invalid token."
[2026-05-23 17:06:28.416 +00:00] [INF] [20] Jellyfin.Api.Auth.CustomAuthenticationHandler: "CustomAuthentication" was not authenticated. Failure message: "Invalid token."
[2026-05-23 17:06:28.416 +00:00] [INF] [20] Jellyfin.Api.Auth.CustomAuthenticationHandler: AuthenticationScheme: "CustomAuthentication" was challenged.
[2026-05-23 17:06:31.205 +00:00] [INF] [20] Jellyfin.Api.Auth.CustomAuthenticationHandler: "CustomAuthentication" was not authenticated. Failure message: "Invalid token."
[2026-05-23 17:06:31.205 +00:00] [INF] [20] Jellyfin.Api.Auth.CustomAuthenticationHandler: "CustomAuthentication" was not authenticated. Failure message: "Invalid token."
[2026-05-23 17:06:31.205 +00:00] [INF] [20] Jellyfin.Api.Auth.CustomAuthenticationHandler: AuthenticationScheme: "CustomAuthentication" was challenged.
[2026-05-23 17:06:32.305 +00:00] [INF] [19] Jellyfin.Api.Auth.CustomAuthenticationHandler: "CustomAuthentication" was not authenticated. Failure message: "Invalid token."
[2026-05-23 17:06:32.305 +00:00] [INF] [19] Jellyfin.Api.Auth.CustomAuthenticationHandler: "CustomAuthentication" was not authenticated. Failure message: "Invalid token."
[2026-05-23 17:06:32.305 +00:00] [INF] [19] Jellyfin.Api.Auth.CustomAuthenticationHandler: AuthenticationScheme: "CustomAuthentication" was challenged.
[2026-05-23 17:06:32.363 +00:00] [INF] [20] Jellyfin.Api.Auth.CustomAuthenticationHandler: "CustomAuthentication" was not authenticated. Failure message: "Invalid token."
[2026-05-23 17:06:32.363 +00:00] [ERR] [20] Jellyfin.Api.Middleware.ExceptionMiddleware: Error processing request: "Invalid token". URL "GET" "/socket".
[2026-05-23 17:06:34.423 +00:00] [INF] [11] Jellyfin.Api.Auth.CustomAuthenticationHandler: "CustomAuthentication" was not authenticated. Failure message: "Invalid token."
[2026-05-23 17:06:34.423 +00:00] [INF] [11] Jellyfin.Api.Auth.CustomAuthenticationHandler: "CustomAuthentication" was not authenticated. Failure message: "Invalid token."
[2026-05-23 17:06:34.423 +00:00] [INF] [11] Jellyfin.Api.Auth.CustomAuthenticationHandler: AuthenticationScheme: "CustomAuthentication" was challenged.
[2026-05-23 17:06:38.524 +00:00] [INF] [20] Jellyfin.Api.Auth.CustomAuthenticationHandler: "CustomAuthentication" was not authenticated. Failure message: "Invalid token."
[2026-05-23 17:06:38.524 +00:00] [INF] [20] Jellyfin.Api.Auth.CustomAuthenticationHandler: "CustomAuthentication" was not authenticated. Failure message: "Invalid token."
[2026-05-23 17:06:38.524 +00:00] [INF] [20] Jellyfin.Api.Auth.CustomAuthenticationHandler: AuthenticationScheme: "CustomAuthentication" was challenged.
[2026-05-23 17:06:41.213 +00:00] [INF] [6] Jellyfin.Api.Auth.CustomAuthenticationHandler: "CustomAuthentication" was not authenticated. Failure message: "Invalid token."
[2026-05-23 17:06:41.214 +00:00] [INF] [6] Jellyfin.Api.Auth.CustomAuthenticationHandler: "CustomAuthentication" was not authenticated. Failure message: "Invalid token."
[2026-05-23 17:06:41.214 +00:00] [INF] [6] Jellyfin.Api.Auth.CustomAuthenticationHandler: AuthenticationScheme: "CustomAuthentication" was challenged.
[2026-05-23 17:06:42.316 +00:00] [INF] [6] Jellyfin.Api.Auth.CustomAuthenticationHandler: "CustomAuthentication" was not authenticated. Failure message: "Invalid token."
[2026-05-23 17:06:42.316 +00:00] [INF] [6] Jellyfin.Api.Auth.CustomAuthenticationHandler: "CustomAuthentication" was not authenticated. Failure message: "Invalid token."
[2026-05-23 17:06:42.316 +00:00] [INF] [6] Jellyfin.Api.Auth.CustomAuthenticationHandler: AuthenticationScheme: "CustomAuthentication" was challenged.
[2026-05-23 17:06:44.419 +00:00] [INF] [6] Jellyfin.Api.Auth.CustomAuthenticationHandler: "CustomAuthentication" was not authenticated. Failure message: "Invalid token."
[2026-05-23 17:06:44.419 +00:00] [INF] [6] Jellyfin.Api.Auth.CustomAuthenticationHandler: "CustomAuthentication" was not authenticated. Failure message: "Invalid token."
[2026-05-23 17:06:44.420 +00:00] [INF] [6] Jellyfin.Api.Auth.CustomAuthenticationHandler: AuthenticationScheme: "CustomAuthentication" was challenged.
[2026-05-23 17:06:48.522 +00:00] [INF] [20] Jellyfin.Api.Auth.CustomAuthenticationHandler: "CustomAuthentication" was not authenticated. Failure message: "Invalid token."
[2026-05-23 17:06:48.522 +00:00] [INF] [20] Jellyfin.Api.Auth.CustomAuthenticationHandler: "CustomAuthentication" was not authenticated. Failure message: "Invalid token."
[2026-05-23 17:06:48.522 +00:00] [INF] [20] Jellyfin.Api.Auth.CustomAuthenticationHandler: AuthenticationScheme: "CustomAuthentication" was challenged.
[2026-05-23 17:06:50.218 +00:00] [INF] [20] Jellyfin.Api.Auth.CustomAuthenticationHandler: "CustomAuthentication" was not authenticated. Failure message: "Invalid token."
[2026-05-23 17:06:50.218 +00:00] [ERR] [20] Jellyfin.Api.Middleware.ExceptionMiddleware: Error processing request: "Invalid token". URL "GET" "/socket".
[2026-05-23 17:06:50.807 +00:00] [INF] [20] Jellyfin.Api.Auth.CustomAuthenticationHandler: "CustomAuthentication" was not authenticated. Failure message: "Invalid token."
[2026-05-23 17:06:50.807 +00:00] [INF] [11] Jellyfin.Api.Auth.CustomAuthenticationHandler: "CustomAuthentication" was not authenticated. Failure message: "Invalid token."
[2026-05-23 17:06:50.807 +00:00] [INF] [11] Jellyfin.Api.Auth.CustomAuthenticationHandler: "CustomAuthentication" was not authenticated. Failure message: "Invalid token."
[2026-05-23 17:06:50.807 +00:00] [INF] [20] Jellyfin.Api.Auth.CustomAuthenticationHandler: "CustomAuthentication" was not authenticated. Failure message: "Invalid token."
[2026-05-23 17:06:50.824 +00:00] [INF] [20] Jellyfin.Api.Auth.CustomAuthenticationHandler: "CustomAuthentication" was not authenticated. Failure message: "Invalid token."
[2026-05-23 17:06:50.824 +00:00] [INF] [20] Jellyfin.Api.Auth.CustomAuthenticationHandler: "CustomAuthentication" was not authenticated. Failure message: "Invalid token."
[2026-05-23 17:06:51.214 +00:00] [INF] [11] Jellyfin.Api.Auth.CustomAuthenticationHandler: "CustomAuthentication" was not authenticated. Failure message: "Invalid token."
[2026-05-23 17:06:51.214 +00:00] [INF] [11] Jellyfin.Api.Auth.CustomAuthenticationHandler: "CustomAuthentication" was not authenticated. Failure message: "Invalid token."
[2026-05-23 17:06:51.214 +00:00] [INF] [11] Jellyfin.Api.Auth.CustomAuthenticationHandler: AuthenticationScheme: "CustomAuthentication" was challenged.
[2026-05-23 17:06:51.717 +00:00] [INF] [11] Jellyfin.Api.Auth.CustomAuthenticationHandler: "CustomAuthentication" was not authenticated. Failure message: "Invalid token."
[2026-05-23 17:06:51.717 +00:00] [INF] [11] Jellyfin.Api.Auth.CustomAuthenticationHandler: "CustomAuthentication" was not authenticated. Failure message: "Invalid token."
[2026-05-23 17:06:52.289 +00:00] [INF] [20] Jellyfin.Api.Auth.CustomAuthenticationHandler: "CustomAuthentication" was not authenticated. Failure message: "Invalid token."
[2026-05-23 17:06:52.289 +00:00] [INF] [20] Jellyfin.Api.Auth.CustomAuthenticationHandler: "CustomAuthentication" was not authenticated. Failure message: "Invalid token."
[2026-05-23 17:06:52.289 +00:00] [INF] [20] Jellyfin.Api.Auth.CustomAuthenticationHandler: AuthenticationScheme: "CustomAuthentication" was challenged.
[2026-05-23 17:06:54.376 +00:00] [INF] [11] Jellyfin.Api.Auth.CustomAuthenticationHandler: "CustomAuthentication" was not authenticated. Failure message: "Invalid token."
[2026-05-23 17:06:54.376 +00:00] [INF] [11] Jellyfin.Api.Auth.CustomAuthenticationHandler: "CustomAuthentication" was not authenticated. Failure message: "Invalid token."
[2026-05-23 17:06:54.376 +00:00] [INF] [11] Jellyfin.Api.Auth.CustomAuthenticationHandler: AuthenticationScheme: "CustomAuthentication" was challenged.
[2026-05-23 17:06:57.388 +00:00] [INF] [6] Jellyfin.Api.Auth.CustomAuthenticationHandler: "CustomAuthentication" was not authenticated. Failure message: "Invalid token."
[2026-05-23 17:06:57.388 +00:00] [INF] [11] Jellyfin.Api.Auth.CustomAuthenticationHandler: "CustomAuthentication" was not authenticated. Failure message: "Invalid token."
[2026-05-23 17:06:57.389 +00:00] [INF] [6] Jellyfin.Api.Auth.CustomAuthenticationHandler: "CustomAuthentication" was not authenticated. Failure message: "Invalid token."
[2026-05-23 17:06:57.389 +00:00] [INF] [6] Jellyfin.Api.Auth.CustomAuthenticationHandler: "CustomAuthentication" was not authenticated. Failure message: "Invalid token."
[2026-05-23 17:06:57.389 +00:00] [INF] [6] Jellyfin.Api.Auth.CustomAuthenticationHandler: "CustomAuthentication" was not authenticated. Failure message: "Invalid token."
[2026-05-23 17:06:57.389 +00:00] [INF] [6] Jellyfin.Api.Auth.CustomAuthenticationHandler: AuthenticationScheme: "CustomAuthentication" was challenged.
[2026-05-23 17:06:57.389 +00:00] [INF] [6] Jellyfin.Api.Auth.CustomAuthenticationHandler: "CustomAuthentication" was not authenticated. Failure message: "Invalid token."
[2026-05-23 17:06:57.389 +00:00] [INF] [6] Jellyfin.Api.Auth.CustomAuthenticationHandler: "CustomAuthentication" was not authenticated. Failure message: "Invalid token."
[2026-05-23 17:06:57.389 +00:00] [INF] [6] Jellyfin.Api.Auth.CustomAuthenticationHandler: AuthenticationScheme: "CustomAuthentication" was challenged.
[2026-05-23 17:06:57.390 +00:00] [INF] [6] Jellyfin.Api.Auth.CustomAuthenticationHandler: "CustomAuthentication" was not authenticated. Failure message: "Invalid token."
[2026-05-23 17:06:57.390 +00:00] [INF] [6] Jellyfin.Api.Auth.CustomAuthenticationHandler: "CustomAuthentication" was not authenticated. Failure message: "Invalid token."
[2026-05-23 17:06:57.390 +00:00] [INF] [6] Jellyfin.Api.Auth.CustomAuthenticationHandler: AuthenticationScheme: "CustomAuthentication" was challenged.
[2026-05-23 17:06:57.390 +00:00] [INF] [6] Jellyfin.Api.Auth.CustomAuthenticationHandler: "CustomAuthentication" was not authenticated. Failure message: "Invalid token."
[2026-05-23 17:06:57.390 +00:00] [INF] [6] Jellyfin.Api.Auth.CustomAuthenticationHandler: "CustomAuthentication" was not authenticated. Failure message: "Invalid token."
[2026-05-23 17:06:57.390 +00:00] [INF] [6] Jellyfin.Api.Auth.CustomAuthenticationHandler: AuthenticationScheme: "CustomAuthentication" was challenged.
[2026-05-23 17:06:57.390 +00:00] [INF] [11] Jellyfin.Api.Auth.CustomAuthenticationHandler: "CustomAuthentication" was not authenticated. Failure message: "Invalid token."
[2026-05-23 17:06:57.390 +00:00] [INF] [11] Jellyfin.Api.Auth.CustomAuthenticationHandler: AuthenticationScheme: "CustomAuthentication" was challenged.
[2026-05-23 17:06:57.477 +00:00] [INF] [11] Jellyfin.Api.Auth.CustomAuthenticationHandler: "CustomAuthentication" was not authenticated. Failure message: "Invalid token."
[2026-05-23 17:06:57.477 +00:00] [INF] [11] Jellyfin.Api.Auth.CustomAuthenticationHandler: "CustomAuthentication" was not authenticated. Failure message: "Invalid token."
[2026-05-23 17:06:57.477 +00:00] [INF] [11] Jellyfin.Api.Auth.CustomAuthenticationHandler: AuthenticationScheme: "CustomAuthentication" was challenged.
[2026-05-23 17:06:58.485 +00:00] [INF] [11] Jellyfin.Api.Auth.CustomAuthenticationHandler: "CustomAuthentication" was not authenticated. Failure message: "Invalid token."
[2026-05-23 17:06:58.485 +00:00] [INF] [6] Jellyfin.Api.Auth.CustomAuthenticationHandler: "CustomAuthentication" was not authenticated. Failure message: "Invalid token."
[2026-05-23 17:06:58.485 +00:00] [INF] [11] Jellyfin.Api.Auth.CustomAuthenticationHandler: "CustomAuthentication" was not authenticated. Failure message: "Invalid token."
[2026-05-23 17:06:58.485 +00:00] [INF] [11] Jellyfin.Api.Auth.CustomAuthenticationHandler: AuthenticationScheme: "CustomAuthentication" was challenged.
[2026-05-23 17:06:58.485 +00:00] [INF] [6] Jellyfin.Api.Auth.CustomAuthenticationHandler: "CustomAuthentication" was not authenticated. Failure message: "Invalid token."
[2026-05-23 17:06:58.485 +00:00] [INF] [6] Jellyfin.Api.Auth.CustomAuthenticationHandler: AuthenticationScheme: "CustomAuthentication" was challenged.
[2026-05-23 17:06:58.486 +00:00] [INF] [6] Jellyfin.Api.Auth.CustomAuthenticationHandler: "CustomAuthentication" was not authenticated. Failure message: "Invalid token."
[2026-05-23 17:06:58.486 +00:00] [INF] [6] Jellyfin.Api.Auth.CustomAuthenticationHandler: "CustomAuthentication" was not authenticated. Failure message: "Invalid token."
[2026-05-23 17:06:58.486 +00:00] [INF] [6] Jellyfin.Api.Auth.CustomAuthenticationHandler: AuthenticationScheme: "CustomAuthentication" was challenged.
[2026-05-23 17:06:58.489 +00:00] [INF] [6] Jellyfin.Api.Auth.CustomAuthenticationHandler: "CustomAuthentication" was not authenticated. Failure message: "Invalid token."
[2026-05-23 17:06:58.489 +00:00] [INF] [11] Jellyfin.Api.Auth.CustomAuthenticationHandler: "CustomAuthentication" was not authenticated. Failure message: "Invalid token."
[2026-05-23 17:06:58.490 +00:00] [INF] [11] Jellyfin.Api.Auth.CustomAuthenticationHandler: "CustomAuthentication" was not authenticated. Failure message: "Invalid token."
[2026-05-23 17:06:58.490 +00:00] [INF] [11] Jellyfin.Api.Auth.CustomAuthenticationHandler: AuthenticationScheme: "CustomAuthentication" was challenged.
[2026-05-23 17:06:58.490 +00:00] [INF] [6] Jellyfin.Api.Auth.CustomAuthenticationHandler: "CustomAuthentication" was not authenticated. Failure message: "Invalid token."
[2026-05-23 17:06:58.490 +00:00] [INF] [6] Jellyfin.Api.Auth.CustomAuthenticationHandler: AuthenticationScheme: "CustomAuthentication" was challenged.
[2026-05-23 17:06:58.567 +00:00] [INF] [6] Jellyfin.Api.Auth.CustomAuthenticationHandler: "CustomAuthentication" was not authenticated. Failure message: "Invalid token."
[2026-05-23 17:06:58.567 +00:00] [INF] [6] Jellyfin.Api.Auth.CustomAuthenticationHandler: "CustomAuthentication" was not authenticated. Failure message: "Invalid token."
[2026-05-23 17:06:58.567 +00:00] [INF] [6] Jellyfin.Api.Auth.CustomAuthenticationHandler: AuthenticationScheme: "CustomAuthentication" was challenged.
[2026-05-23 17:07:00.562 +00:00] [INF] [20] Jellyfin.Api.Auth.CustomAuthenticationHandler: "CustomAuthentication" was not authenticated. Failure message: "Invalid token."
[2026-05-23 17:07:00.562 +00:00] [INF] [20] Jellyfin.Api.Auth.CustomAuthenticationHandler: "CustomAuthentication" was not authenticated. Failure message: "Invalid token."
[2026-05-23 17:07:00.563 +00:00] [INF] [20] Jellyfin.Api.Auth.CustomAuthenticationHandler: AuthenticationScheme: "CustomAuthentication" was challenged.
[2026-05-23 17:07:00.563 +00:00] [INF] [6] Jellyfin.Api.Auth.CustomAuthenticationHandler: "CustomAuthentication" was not authenticated. Failure message: "Invalid token."
[2026-05-23 17:07:00.563 +00:00] [INF] [6] Jellyfin.Api.Auth.CustomAuthenticationHandler: "CustomAuthentication" was not authenticated. Failure message: "Invalid token."
[2026-05-23 17:07:00.563 +00:00] [INF] [11] Jellyfin.Api.Auth.CustomAuthenticationHandler: "CustomAuthentication" was not authenticated. Failure message: "Invalid token."
[2026-05-23 17:07:00.563 +00:00] [INF] [6] Jellyfin.Api.Auth.CustomAuthenticationHandler: AuthenticationScheme: "CustomAuthentication" was challenged.
[2026-05-23 17:07:00.563 +00:00] [INF] [11] Jellyfin.Api.Auth.CustomAuthenticationHandler: "CustomAuthentication" was not authenticated. Failure message: "Invalid token."
[2026-05-23 17:07:00.563 +00:00] [INF] [11] Jellyfin.Api.Auth.CustomAuthenticationHandler: AuthenticationScheme: "CustomAuthentication" was challenged.
[2026-05-23 17:07:00.574 +00:00] [INF] [11] Jellyfin.Api.Auth.CustomAuthenticationHandler: "CustomAuthentication" was not authenticated. Failure message: "Invalid token."
[2026-05-23 17:07:00.575 +00:00] [INF] [11] Jellyfin.Api.Auth.CustomAuthenticationHandler: "CustomAuthentication" was not authenticated. Failure message: "Invalid token."
[2026-05-23 17:07:00.575 +00:00] [INF] [11] Jellyfin.Api.Auth.CustomAuthenticationHandler: AuthenticationScheme: "CustomAuthentication" was challenged.
[2026-05-23 17:07:00.575 +00:00] [INF] [20] Jellyfin.Api.Auth.CustomAuthenticationHandler: "CustomAuthentication" was not authenticated. Failure message: "Invalid token."
[2026-05-23 17:07:00.575 +00:00] [INF] [20] Jellyfin.Api.Auth.CustomAuthenticationHandler: "CustomAuthentication" was not authenticated. Failure message: "Invalid token."
[2026-05-23 17:07:00.575 +00:00] [INF] [20] Jellyfin.Api.Auth.CustomAuthenticationHandler: AuthenticationScheme: "CustomAuthentication" was challenged.
[2026-05-23 17:07:00.643 +00:00] [INF] [4] Jellyfin.Api.Auth.CustomAuthenticationHandler: "CustomAuthentication" was not authenticated. Failure message: "Invalid token."
[2026-05-23 17:07:00.643 +00:00] [INF] [4] Jellyfin.Api.Auth.CustomAuthenticationHandler: "CustomAuthentication" was not authenticated. Failure message: "Invalid token."
[2026-05-23 17:07:00.643 +00:00] [INF] [4] Jellyfin.Api.Auth.CustomAuthenticationHandler: AuthenticationScheme: "CustomAuthentication" was challenged.
[2026-05-23 17:07:04.654 +00:00] [INF] [4] Jellyfin.Api.Auth.CustomAuthenticationHandler: "CustomAuthentication" was not authenticated. Failure message: "Invalid token."
[2026-05-23 17:07:04.654 +00:00] [INF] [4] Jellyfin.Api.Auth.CustomAuthenticationHandler: "CustomAuthentication" was not authenticated. Failure message: "Invalid token."
[2026-05-23 17:07:04.654 +00:00] [INF] [4] Jellyfin.Api.Auth.CustomAuthenticationHandler: AuthenticationScheme: "CustomAuthentication" was challenged.
[2026-05-23 17:07:04.656 +00:00] [INF] [20] Jellyfin.Api.Auth.CustomAuthenticationHandler: "CustomAuthentication" was not authenticated. Failure message: "Invalid token."
[2026-05-23 17:07:04.656 +00:00] [INF] [20] Jellyfin.Api.Auth.CustomAuthenticationHandler: "CustomAuthentication" was not authenticated. Failure message: "Invalid token."
[2026-05-23 17:07:04.656 +00:00] [INF] [20] Jellyfin.Api.Auth.CustomAuthenticationHandler: AuthenticationScheme: "CustomAuthentication" was challenged.
[2026-05-23 17:07:04.657 +00:00] [INF] [4] Jellyfin.Api.Auth.CustomAuthenticationHandler: "CustomAuthentication" was not authenticated. Failure message: "Invalid token."
[2026-05-23 17:07:04.657 +00:00] [INF] [4] Jellyfin.Api.Auth.CustomAuthenticationHandler: "CustomAuthentication" was not authenticated. Failure message: "Invalid token."
[2026-05-23 17:07:04.657 +00:00] [INF] [4] Jellyfin.Api.Auth.CustomAuthenticationHandler: AuthenticationScheme: "CustomAuthentication" was challenged.
[2026-05-23 17:07:04.675 +00:00] [INF] [4] Jellyfin.Api.Auth.CustomAuthenticationHandler: "CustomAuthentication" was not authenticated. Failure message: "Invalid token."
[2026-05-23 17:07:04.676 +00:00] [INF] [11] Jellyfin.Api.Auth.CustomAuthenticationHandler: "CustomAuthentication" was not authenticated. Failure message: "Invalid token."
[2026-05-23 17:07:04.676 +00:00] [INF] [4] Jellyfin.Api.Auth.CustomAuthenticationHandler: "CustomAuthentication" was not authenticated. Failure message: "Invalid token."
[2026-05-23 17:07:04.676 +00:00] [INF] [4] Jellyfin.Api.Auth.CustomAuthenticationHandler: AuthenticationScheme: "CustomAuthentication" was challenged.
[2026-05-23 17:07:04.676 +00:00] [INF] [11] Jellyfin.Api.Auth.CustomAuthenticationHandler: "CustomAuthentication" was not authenticated. Failure message: "Invalid token."
[2026-05-23 17:07:04.676 +00:00] [INF] [11] Jellyfin.Api.Auth.CustomAuthenticationHandler: AuthenticationScheme: "CustomAuthentication" was challenged.
[2026-05-23 17:07:04.735 +00:00] [INF] [11] Jellyfin.Api.Auth.CustomAuthenticationHandler: "CustomAuthentication" was not authenticated. Failure message: "Invalid token."
[2026-05-23 17:07:04.735 +00:00] [INF] [11] Jellyfin.Api.Auth.CustomAuthenticationHandler: "CustomAuthentication" was not authenticated. Failure message: "Invalid token."
[2026-05-23 17:07:04.735 +00:00] [INF] [11] Jellyfin.Api.Auth.CustomAuthenticationHandler: AuthenticationScheme: "CustomAuthentication" was challenged.
[2026-05-23 17:07:05.387 +00:00] [INF] [4] Jellyfin.Api.Auth.CustomAuthenticationHandler: "CustomAuthentication" was not authenticated. Failure message: "Invalid token."
[2026-05-23 17:07:05.387 +00:00] [INF] [4] Jellyfin.Api.Auth.CustomAuthenticationHandler: "CustomAuthentication" was not authenticated. Failure message: "Invalid token."
[2026-05-23 17:07:05.387 +00:00] [INF] [4] Jellyfin.Api.Auth.CustomAuthenticationHandler: AuthenticationScheme: "CustomAuthentication" was challenged.
[2026-05-23 17:07:06.486 +00:00] [INF] [11] Jellyfin.Api.Auth.CustomAuthenticationHandler: "CustomAuthentication" was not authenticated. Failure message: "Invalid token."
[2026-05-23 17:07:06.486 +00:00] [INF] [11] Jellyfin.Api.Auth.CustomAuthenticationHandler: "CustomAuthentication" was not authenticated. Failure message: "Invalid token."
[2026-05-23 17:07:06.486 +00:00] [INF] [11] Jellyfin.Api.Auth.CustomAuthenticationHandler: AuthenticationScheme: "CustomAuthentication" was challenged.
[2026-05-23 17:07:07.388 +00:00] [INF] [11] Jellyfin.Api.Auth.CustomAuthenticationHandler: "CustomAuthentication" was not authenticated. Failure message: "Invalid token."
[2026-05-23 17:07:07.389 +00:00] [INF] [11] Jellyfin.Api.Auth.CustomAuthenticationHandler: "CustomAuthentication" was not authenticated. Failure message: "Invalid token."
[2026-05-23 17:07:07.389 +00:00] [INF] [11] Jellyfin.Api.Auth.CustomAuthenticationHandler: AuthenticationScheme: "CustomAuthentication" was challenged.
[2026-05-23 17:07:08.428 +00:00] [INF] [11] Jellyfin.Api.Auth.CustomAuthenticationHandler: "CustomAuthentication" was not authenticated. Failure message: "Invalid token."
[2026-05-23 17:07:08.428 +00:00] [INF] [11] Jellyfin.Api.Auth.CustomAuthenticationHandler: "CustomAuthentication" was not authenticated. Failure message: "Invalid token."
[2026-05-23 17:07:08.428 +00:00] [INF] [11] Jellyfin.Api.Auth.CustomAuthenticationHandler: AuthenticationScheme: "CustomAuthentication" was challenged.
[2026-05-23 17:07:08.673 +00:00] [INF] [11] Jellyfin.Api.Auth.CustomAuthenticationHandler: "CustomAuthentication" was not authenticated. Failure message: "Invalid token."
[2026-05-23 17:07:08.673 +00:00] [INF] [11] Jellyfin.Api.Auth.CustomAuthenticationHandler: "CustomAuthentication" was not authenticated. Failure message: "Invalid token."
[2026-05-23 17:07:08.673 +00:00] [INF] [11] Jellyfin.Api.Auth.CustomAuthenticationHandler: AuthenticationScheme: "CustomAuthentication" was challenged.
[2026-05-23 17:07:10.525 +00:00] [INF] [4] Jellyfin.Api.Auth.CustomAuthenticationHandler: "CustomAuthentication" was not authenticated. Failure message: "Invalid token."
[2026-05-23 17:07:10.525 +00:00] [INF] [4] Jellyfin.Api.Auth.CustomAuthenticationHandler: "CustomAuthentication" was not authenticated. Failure message: "Invalid token."
[2026-05-23 17:07:10.525 +00:00] [INF] [4] Jellyfin.Api.Auth.CustomAuthenticationHandler: AuthenticationScheme: "CustomAuthentication" was challenged.
[2026-05-23 17:07:12.793 +00:00] [INF] [4] Jellyfin.Api.Auth.CustomAuthenticationHandler: "CustomAuthentication" was not authenticated. Failure message: "Invalid token."
[2026-05-23 17:07:12.793 +00:00] [INF] [4] Jellyfin.Api.Auth.CustomAuthenticationHandler: "CustomAuthentication" was not authenticated. Failure message: "Invalid token."
[2026-05-23 17:07:12.793 +00:00] [INF] [4] Jellyfin.Api.Auth.CustomAuthenticationHandler: AuthenticationScheme: "CustomAuthentication" was challenged.
[2026-05-23 17:07:13.396 +00:00] [INF] [11] Jellyfin.Api.Auth.CustomAuthenticationHandler: "CustomAuthentication" was not authenticated. Failure message: "Invalid token."
[2026-05-23 17:07:13.396 +00:00] [INF] [11] Jellyfin.Api.Auth.CustomAuthenticationHandler: "CustomAuthentication" was not authenticated. Failure message: "Invalid token."
[2026-05-23 17:07:13.396 +00:00] [INF] [11] Jellyfin.Api.Auth.CustomAuthenticationHandler: AuthenticationScheme: "CustomAuthentication" was challenged.
[2026-05-23 17:07:14.447 +00:00] [INF] [4] Jellyfin.Api.Auth.CustomAuthenticationHandler: "CustomAuthentication" was not authenticated. Failure message: "Invalid token."
[2026-05-23 17:07:14.448 +00:00] [INF] [4] Jellyfin.Api.Auth.CustomAuthenticationHandler: "CustomAuthentication" was not authenticated. Failure message: "Invalid token."
[2026-05-23 17:07:14.448 +00:00] [INF] [4] Jellyfin.Api.Auth.CustomAuthenticationHandler: AuthenticationScheme: "CustomAuthentication" was challenged.
[2026-05-23 17:07:14.633 +00:00] [INF] [4] Jellyfin.Api.Auth.CustomAuthenticationHandler: "CustomAuthentication" was not authenticated. Failure message: "Invalid token."
[2026-05-23 17:07:14.633 +00:00] [INF] [4] Jellyfin.Api.Auth.CustomAuthenticationHandler: "CustomAuthentication" was not authenticated. Failure message: "Invalid token."
[2026-05-23 17:07:14.633 +00:00] [INF] [4] Jellyfin.Api.Auth.CustomAuthenticationHandler: AuthenticationScheme: "CustomAuthentication" was challenged.
[2026-05-23 17:07:16.539 +00:00] [INF] [11] Jellyfin.Api.Auth.CustomAuthenticationHandler: "CustomAuthentication" was not authenticated. Failure message: "Invalid token."
[2026-05-23 17:07:16.540 +00:00] [INF] [11] Jellyfin.Api.Auth.CustomAuthenticationHandler: "CustomAuthentication" was not authenticated. Failure message: "Invalid token."
[2026-05-23 17:07:16.540 +00:00] [INF] [11] Jellyfin.Api.Auth.CustomAuthenticationHandler: AuthenticationScheme: "CustomAuthentication" was challenged.
[2026-05-23 17:07:17.395 +00:00] [INF] [4] Jellyfin.Api.Auth.CustomAuthenticationHandler: "CustomAuthentication" was not authenticated. Failure message: "Invalid token."
[2026-05-23 17:07:17.395 +00:00] [INF] [4] Jellyfin.Api.Auth.CustomAuthenticationHandler: "CustomAuthentication" was not authenticated. Failure message: "Invalid token."
[2026-05-23 17:07:17.395 +00:00] [INF] [4] Jellyfin.Api.Auth.CustomAuthenticationHandler: AuthenticationScheme: "CustomAuthentication" was challenged.
[2026-05-23 17:07:18.501 +00:00] [INF] [20] Jellyfin.Api.Auth.CustomAuthenticationHandler: "CustomAuthentication" was not authenticated. Failure message: "Invalid token."
[2026-05-23 17:07:18.501 +00:00] [INF] [20] Jellyfin.Api.Auth.CustomAuthenticationHandler: "CustomAuthentication" was not authenticated. Failure message: "Invalid token."
[2026-05-23 17:07:18.501 +00:00] [INF] [20] Jellyfin.Api.Auth.CustomAuthenticationHandler: AuthenticationScheme: "CustomAuthentication" was challenged.
[2026-05-23 17:07:19.093 +00:00] [INF] [20] Jellyfin.Api.Auth.CustomAuthenticationHandler: "CustomAuthentication" was not authenticated. Failure message: "Invalid token."
[2026-05-23 17:07:19.094 +00:00] [ERR] [20] Jellyfin.Api.Middleware.ExceptionMiddleware: Error processing request: "Invalid token". URL "GET" "/socket".
[2026-05-23 17:07:20.583 +00:00] [INF] [6] Jellyfin.Api.Auth.CustomAuthenticationHandler: "CustomAuthentication" was not authenticated. Failure message: "Invalid token."
[2026-05-23 17:07:20.584 +00:00] [INF] [6] Jellyfin.Api.Auth.CustomAuthenticationHandler: "CustomAuthentication" was not authenticated. Failure message: "Invalid token."
[2026-05-23 17:07:20.584 +00:00] [INF] [6] Jellyfin.Api.Auth.CustomAuthenticationHandler: AuthenticationScheme: "CustomAuthentication" was challenged.
[2026-05-23 17:07:20.633 +00:00] [INF] [20] Jellyfin.Api.Auth.CustomAuthenticationHandler: "CustomAuthentication" was not authenticated. Failure message: "Invalid token."
[2026-05-23 17:07:20.633 +00:00] [INF] [20] Jellyfin.Api.Auth.CustomAuthenticationHandler: "CustomAuthentication" was not authenticated. Failure message: "Invalid token."
[2026-05-23 17:07:20.634 +00:00] [INF] [20] Jellyfin.Api.Auth.CustomAuthenticationHandler: AuthenticationScheme: "CustomAuthentication" was challenged.
[2026-05-23 17:07:21.386 +00:00] [INF] [20] Jellyfin.Api.Auth.CustomAuthenticationHandler: "CustomAuthentication" was not authenticated. Failure message: "Invalid token."
[2026-05-23 17:07:21.387 +00:00] [INF] [20] Jellyfin.Api.Auth.CustomAuthenticationHandler: "CustomAuthentication" was not authenticated. Failure message: "Invalid token."
[2026-05-23 17:07:21.387 +00:00] [INF] [20] Jellyfin.Api.Auth.CustomAuthenticationHandler: AuthenticationScheme: "CustomAuthentication" was challenged.
[2026-05-23 17:07:22.081 +00:00] [INF] [6] Jellyfin.Api.Auth.CustomAuthenticationHandler: "CustomAuthentication" was not authenticated. Failure message: "Invalid token."
[2026-05-23 17:07:22.081 +00:00] [INF] [6] Jellyfin.Api.Auth.CustomAuthenticationHandler: "CustomAuthentication" was not authenticated. Failure message: "Invalid token."
[2026-05-23 17:07:22.081 +00:00] [INF] [6] Jellyfin.Api.Auth.CustomAuthenticationHandler: AuthenticationScheme: "CustomAuthentication" was challenged.
[2026-05-23 17:07:22.082 +00:00] [INF] [20] Jellyfin.Api.Auth.CustomAuthenticationHandler: "CustomAuthentication" was not authenticated. Failure message: "Invalid token."
[2026-05-23 17:07:22.082 +00:00] [INF] [20] Jellyfin.Api.Auth.CustomAuthenticationHandler: "CustomAuthentication" was not authenticated. Failure message: "Invalid token."
[2026-05-23 17:07:22.082 +00:00] [INF] [20] Jellyfin.Api.Auth.CustomAuthenticationHandler: AuthenticationScheme: "CustomAuthentication" was challenged.
[2026-05-23 17:07:23.165 +00:00] [INF] [20] Jellyfin.Api.Auth.CustomAuthenticationHandler: "CustomAuthentication" was not authenticated. Failure message: "Invalid token."
[2026-05-23 17:07:23.165 +00:00] [INF] [20] Jellyfin.Api.Auth.CustomAuthenticationHandler: "CustomAuthentication" was not authenticated. Failure message: "Invalid token."
[2026-05-23 17:07:23.165 +00:00] [INF] [20] Jellyfin.Api.Auth.CustomAuthenticationHandler: AuthenticationScheme: "CustomAuthentication" was challenged.
[2026-05-23 17:07:23.180 +00:00] [INF] [20] Jellyfin.Api.Auth.CustomAuthenticationHandler: "CustomAuthentication" was not authenticated. Failure message: "Invalid token."
[2026-05-23 17:07:23.180 +00:00] [INF] [20] Jellyfin.Api.Auth.CustomAuthenticationHandler: "CustomAuthentication" was not authenticated. Failure message: "Invalid token."
[2026-05-23 17:07:23.180 +00:00] [INF] [20] Jellyfin.Api.Auth.CustomAuthenticationHandler: AuthenticationScheme: "CustomAuthentication" was challenged.
[2026-05-23 17:07:25.251 +00:00] [INF] [20] Jellyfin.Api.Auth.CustomAuthenticationHandler: "CustomAuthentication" was not authenticated. Failure message: "Invalid token."
[2026-05-23 17:07:25.251 +00:00] [INF] [20] Jellyfin.Api.Auth.CustomAuthenticationHandler: "CustomAuthentication" was not authenticated. Failure message: "Invalid token."
[2026-05-23 17:07:25.251 +00:00] [INF] [20] Jellyfin.Api.Auth.CustomAuthenticationHandler: AuthenticationScheme: "CustomAuthentication" was challenged.
[2026-05-23 17:07:25.273 +00:00] [INF] [20] Jellyfin.Api.Auth.CustomAuthenticationHandler: "CustomAuthentication" was not authenticated. Failure message: "Invalid token."
[2026-05-23 17:07:25.273 +00:00] [INF] [20] Jellyfin.Api.Auth.CustomAuthenticationHandler: "CustomAuthentication" was not authenticated. Failure message: "Invalid token."
[2026-05-23 17:07:25.273 +00:00] [INF] [20] Jellyfin.Api.Auth.CustomAuthenticationHandler: AuthenticationScheme: "CustomAuthentication" was challenged.
[2026-05-23 17:07:29.342 +00:00] [INF] [6] Jellyfin.Api.Auth.CustomAuthenticationHandler: "CustomAuthentication" was not authenticated. Failure message: "Invalid token."
[2026-05-23 17:07:29.342 +00:00] [INF] [6] Jellyfin.Api.Auth.CustomAuthenticationHandler: "CustomAuthentication" was not authenticated. Failure message: "Invalid token."
[2026-05-23 17:07:29.342 +00:00] [INF] [6] Jellyfin.Api.Auth.CustomAuthenticationHandler: AuthenticationScheme: "CustomAuthentication" was challenged.
[2026-05-23 17:07:29.364 +00:00] [INF] [4] Jellyfin.Api.Auth.CustomAuthenticationHandler: "CustomAuthentication" was not authenticated. Failure message: "Invalid token."
[2026-05-23 17:07:29.364 +00:00] [INF] [4] Jellyfin.Api.Auth.CustomAuthenticationHandler: "CustomAuthentication" was not authenticated. Failure message: "Invalid token."
[2026-05-23 17:07:29.364 +00:00] [INF] [4] Jellyfin.Api.Auth.CustomAuthenticationHandler: AuthenticationScheme: "CustomAuthentication" was challenged.
[2026-05-23 17:07:32.798 +00:00] [INF] [15] Jellyfin.Api.Auth.CustomAuthenticationHandler: "CustomAuthentication" was not authenticated. Failure message: "Invalid token."
[2026-05-23 17:07:32.798 +00:00] [INF] [20] Jellyfin.Api.Auth.CustomAuthenticationHandler: "CustomAuthentication" was not authenticated. Failure message: "Invalid token."
[2026-05-23 17:07:32.798 +00:00] [INF] [15] Jellyfin.Api.Auth.CustomAuthenticationHandler: "CustomAuthentication" was not authenticated. Failure message: "Invalid token."
[2026-05-23 17:07:32.798 +00:00] [INF] [15] Jellyfin.Api.Auth.CustomAuthenticationHandler: AuthenticationScheme: "CustomAuthentication" was challenged.
[2026-05-23 17:07:32.798 +00:00] [INF] [20] Jellyfin.Api.Auth.CustomAuthenticationHandler: "CustomAuthentication" was not authenticated. Failure message: "Invalid token."
[2026-05-23 17:07:32.798 +00:00] [INF] [20] Jellyfin.Api.Auth.CustomAuthenticationHandler: AuthenticationScheme: "CustomAuthentication" was challenged.
[2026-05-23 17:07:33.840 +00:00] [INF] [15] Jellyfin.Api.Auth.CustomAuthenticationHandler: "CustomAuthentication" was not authenticated. Failure message: "Invalid token."
[2026-05-23 17:07:33.840 +00:00] [INF] [11] Jellyfin.Api.Auth.CustomAuthenticationHandler: "CustomAuthentication" was not authenticated. Failure message: "Invalid token."
[2026-05-23 17:07:33.840 +00:00] [INF] [15] Jellyfin.Api.Auth.CustomAuthenticationHandler: "CustomAuthentication" was not authenticated. Failure message: "Invalid token."
[2026-05-23 17:07:33.840 +00:00] [INF] [15] Jellyfin.Api.Auth.CustomAuthenticationHandler: AuthenticationScheme: "CustomAuthentication" was challenged.
[2026-05-23 17:07:33.841 +00:00] [INF] [11] Jellyfin.Api.Auth.CustomAuthenticationHandler: "CustomAuthentication" was not authenticated. Failure message: "Invalid token."
[2026-05-23 17:07:33.841 +00:00] [INF] [11] Jellyfin.Api.Auth.CustomAuthenticationHandler: AuthenticationScheme: "CustomAuthentication" was challenged.
[2026-05-23 17:07:35.937 +00:00] [INF] [11] Jellyfin.Api.Auth.CustomAuthenticationHandler: "CustomAuthentication" was not authenticated. Failure message: "Invalid token."
[2026-05-23 17:07:35.937 +00:00] [INF] [11] Jellyfin.Api.Auth.CustomAuthenticationHandler: "CustomAuthentication" was not authenticated. Failure message: "Invalid token."
[2026-05-23 17:07:35.937 +00:00] [INF] [11] Jellyfin.Api.Auth.CustomAuthenticationHandler: AuthenticationScheme: "CustomAuthentication" was challenged.
[2026-05-23 17:07:35.937 +00:00] [INF] [20] Jellyfin.Api.Auth.CustomAuthenticationHandler: "CustomAuthentication" was not authenticated. Failure message: "Invalid token."
[2026-05-23 17:07:35.937 +00:00] [INF] [20] Jellyfin.Api.Auth.CustomAuthenticationHandler: "CustomAuthentication" was not authenticated. Failure message: "Invalid token."
[2026-05-23 17:07:35.937 +00:00] [INF] [20] Jellyfin.Api.Auth.CustomAuthenticationHandler: AuthenticationScheme: "CustomAuthentication" was challenged.
[2026-05-23 17:07:40.022 +00:00] [INF] [20] Jellyfin.Api.Auth.CustomAuthenticationHandler: "CustomAuthentication" was not authenticated. Failure message: "Invalid token."
[2026-05-23 17:07:40.022 +00:00] [INF] [20] Jellyfin.Api.Auth.CustomAuthenticationHandler: "CustomAuthentication" was not authenticated. Failure message: "Invalid token."
[2026-05-23 17:07:40.022 +00:00] [INF] [20] Jellyfin.Api.Auth.CustomAuthenticationHandler: AuthenticationScheme: "CustomAuthentication" was challenged.
[2026-05-23 17:07:40.025 +00:00] [INF] [11] Jellyfin.Api.Auth.CustomAuthenticationHandler: "CustomAuthentication" was not authenticated. Failure message: "Invalid token."
[2026-05-23 17:07:40.025 +00:00] [INF] [11] Jellyfin.Api.Auth.CustomAuthenticationHandler: "CustomAuthentication" was not authenticated. Failure message: "Invalid token."
[2026-05-23 17:07:40.025 +00:00] [INF] [11] Jellyfin.Api.Auth.CustomAuthenticationHandler: AuthenticationScheme: "CustomAuthentication" was challenged.
[2026-05-23 17:07:42.755 +00:00] [INF] [11] Jellyfin.Api.Auth.CustomAuthenticationHandler: "CustomAuthentication" was not authenticated. Failure message: "Invalid token."
[2026-05-23 17:07:42.755 +00:00] [INF] [11] Jellyfin.Api.Auth.CustomAuthenticationHandler: "CustomAuthentication" was not authenticated. Failure message: "Invalid token."
[2026-05-23 17:07:42.756 +00:00] [INF] [11] Jellyfin.Api.Auth.CustomAuthenticationHandler: AuthenticationScheme: "CustomAuthentication" was challenged.
[2026-05-23 17:07:43.800 +00:00] [INF] [20] Jellyfin.Api.Auth.CustomAuthenticationHandler: "CustomAuthentication" was not authenticated. Failure message: "Invalid token."
[2026-05-23 17:07:43.803 +00:00] [INF] [20] Jellyfin.Api.Auth.CustomAuthenticationHandler: "CustomAuthentication" was not authenticated. Failure message: "Invalid token."
[2026-05-23 17:07:43.803 +00:00] [INF] [20] Jellyfin.Api.Auth.CustomAuthenticationHandler: AuthenticationScheme: "CustomAuthentication" was challenged.
[2026-05-23 17:07:44.851 +00:00] [INF] [20] Jellyfin.Api.Auth.CustomAuthenticationHandler: "CustomAuthentication" was not authenticated. Failure message: "Invalid token."
[2026-05-23 17:07:44.851 +00:00] [INF] [20] Jellyfin.Api.Auth.CustomAuthenticationHandler: "CustomAuthentication" was not authenticated. Failure message: "Invalid token."
[2026-05-23 17:07:44.852 +00:00] [INF] [20] Jellyfin.Api.Auth.CustomAuthenticationHandler: "CustomAuthentication" was not authenticated. Failure message: "Invalid token."
[2026-05-23 17:07:44.853 +00:00] [INF] [20] Jellyfin.Api.Auth.CustomAuthenticationHandler: "CustomAuthentication" was not authenticated. Failure message: "Invalid token."
[2026-05-23 17:07:44.853 +00:00] [INF] [20] Jellyfin.Api.Auth.CustomAuthenticationHandler: AuthenticationScheme: "CustomAuthentication" was challenged.
[2026-05-23 17:07:45.896 +00:00] [INF] [15] Jellyfin.Api.Auth.CustomAuthenticationHandler: "CustomAuthentication" was not authenticated. Failure message: "Invalid token."
[2026-05-23 17:07:45.897 +00:00] [INF] [15] Jellyfin.Api.Auth.CustomAuthenticationHandler: "CustomAuthentication" was not authenticated. Failure message: "Invalid token."
[2026-05-23 17:07:45.898 +00:00] [INF] [15] Jellyfin.Api.Auth.CustomAuthenticationHandler: AuthenticationScheme: "CustomAuthentication" was challenged.
[2026-05-23 17:07:47.996 +00:00] [INF] [15] Jellyfin.Api.Auth.CustomAuthenticationHandler: "CustomAuthentication" was not authenticated. Failure message: "Invalid token."
[2026-05-23 17:07:47.996 +00:00] [INF] [15] Jellyfin.Api.Auth.CustomAuthenticationHandler: "CustomAuthentication" was not authenticated. Failure message: "Invalid token."
[2026-05-23 17:07:47.996 +00:00] [INF] [15] Jellyfin.Api.Auth.CustomAuthenticationHandler: AuthenticationScheme: "CustomAuthentication" was challenged.
[2026-05-23 17:07:52.100 +00:00] [INF] [20] Jellyfin.Api.Auth.CustomAuthenticationHandler: "CustomAuthentication" was not authenticated. Failure message: "Invalid token."
[2026-05-23 17:07:52.100 +00:00] [INF] [20] Jellyfin.Api.Auth.CustomAuthenticationHandler: "CustomAuthentication" was not authenticated. Failure message: "Invalid token."
[2026-05-23 17:07:52.100 +00:00] [INF] [20] Jellyfin.Api.Auth.CustomAuthenticationHandler: AuthenticationScheme: "CustomAuthentication" was challenged.
[2026-05-23 17:07:54.900 +00:00] [INF] [20] Jellyfin.Api.Auth.CustomAuthenticationHandler: "CustomAuthentication" was not authenticated. Failure message: "Invalid token."
[2026-05-23 17:07:54.901 +00:00] [INF] [20] Jellyfin.Api.Auth.CustomAuthenticationHandler: "CustomAuthentication" was not authenticated. Failure message: "Invalid token."
[2026-05-23 17:07:54.901 +00:00] [INF] [20] Jellyfin.Api.Auth.CustomAuthenticationHandler: AuthenticationScheme: "CustomAuthentication" was challenged.
[2026-05-23 17:07:56.000 +00:00] [INF] [15] Jellyfin.Api.Auth.CustomAuthenticationHandler: "CustomAuthentication" was not authenticated. Failure message: "Invalid token."
[2026-05-23 17:07:56.000 +00:00] [INF] [15] Jellyfin.Api.Auth.CustomAuthenticationHandler: "CustomAuthentication" was not authenticated. Failure message: "Invalid token."
[2026-05-23 17:07:56.000 +00:00] [INF] [15] Jellyfin.Api.Auth.CustomAuthenticationHandler: AuthenticationScheme: "CustomAuthentication" was challenged.
[2026-05-23 17:07:57.380 +00:00] [INF] [11] Jellyfin.Api.Auth.CustomAuthenticationHandler: "CustomAuthentication" was not authenticated. Failure message: "Invalid token."
[2026-05-23 17:07:57.380 +00:00] [ERR] [11] Jellyfin.Api.Middleware.ExceptionMiddleware: Error processing request: "Invalid token". URL "GET" "/socket".
[2026-05-23 17:07:58.100 +00:00] [INF] [11] Jellyfin.Api.Auth.CustomAuthenticationHandler: "CustomAuthentication" was not authenticated. Failure message: "Invalid token."
[2026-05-23 17:07:58.100 +00:00] [INF] [11] Jellyfin.Api.Auth.CustomAuthenticationHandler: "CustomAuthentication" was not authenticated. Failure message: "Invalid token."
[2026-05-23 17:07:58.100 +00:00] [INF] [11] Jellyfin.Api.Auth.CustomAuthenticationHandler: AuthenticationScheme: "CustomAuthentication" was challenged.
[2026-05-23 17:14:07.611 +00:00] [INF] [27] Jellyfin.Api.Auth.CustomAuthenticationHandler: "CustomAuthentication" was not authenticated. Failure message: "Invalid token."
[2026-05-23 17:14:07.612 +00:00] [ERR] [27] Jellyfin.Api.Middleware.ExceptionMiddleware: Error processing request: "Invalid token". URL "GET" "/socket".
[2026-05-23 17:14:07.613 +00:00] [INF] [3] Jellyfin.Api.Auth.CustomAuthenticationHandler: "CustomAuthentication" was not authenticated. Failure message: "Invalid token."
[2026-05-23 17:14:07.613 +00:00] [INF] [3] Jellyfin.Api.Auth.CustomAuthenticationHandler: "CustomAuthentication" was not authenticated. Failure message: "Invalid token."
[2026-05-23 17:14:07.613 +00:00] [INF] [3] Jellyfin.Api.Auth.CustomAuthenticationHandler: AuthenticationScheme: "CustomAuthentication" was challenged.
[2026-05-23 17:14:07.613 +00:00] [INF] [28] Jellyfin.Api.Auth.CustomAuthenticationHandler: "CustomAuthentication" was not authenticated. Failure message: "Invalid token."
[2026-05-23 17:14:07.613 +00:00] [INF] [28] Jellyfin.Api.Auth.CustomAuthenticationHandler: "CustomAuthentication" was not authenticated. Failure message: "Invalid token."
[2026-05-23 17:14:07.631 +00:00] [INF] [27] Jellyfin.Api.Auth.CustomAuthenticationHandler: "CustomAuthentication" was not authenticated. Failure message: "Invalid token."
[2026-05-23 17:14:07.631 +00:00] [INF] [27] Jellyfin.Api.Auth.CustomAuthenticationHandler: "CustomAuthentication" was not authenticated. Failure message: "Invalid token."
[2026-05-23 17:14:07.631 +00:00] [INF] [27] Jellyfin.Api.Auth.CustomAuthenticationHandler: AuthenticationScheme: "CustomAuthentication" was challenged.
[2026-05-23 17:14:07.631 +00:00] [INF] [28] Jellyfin.Api.Auth.CustomAuthenticationHandler: "CustomAuthentication" was not authenticated. Failure message: "Invalid token."
[2026-05-23 17:14:07.631 +00:00] [INF] [28] Jellyfin.Api.Auth.CustomAuthenticationHandler: "CustomAuthentication" was not authenticated. Failure message: "Invalid token."
[2026-05-23 17:14:08.664 +00:00] [INF] [28] Jellyfin.Api.Auth.CustomAuthenticationHandler: "CustomAuthentication" was not authenticated. Failure message: "Invalid token."
[2026-05-23 17:14:08.664 +00:00] [INF] [28] Jellyfin.Api.Auth.CustomAuthenticationHandler: "CustomAuthentication" was not authenticated. Failure message: "Invalid token."
[2026-05-23 17:14:08.665 +00:00] [INF] [28] Jellyfin.Api.Auth.CustomAuthenticationHandler: AuthenticationScheme: "CustomAuthentication" was challenged.
[2026-05-23 17:14:10.734 +00:00] [INF] [28] Jellyfin.Api.Auth.CustomAuthenticationHandler: "CustomAuthentication" was not authenticated. Failure message: "Invalid token."
[2026-05-23 17:14:10.735 +00:00] [INF] [28] Jellyfin.Api.Auth.CustomAuthenticationHandler: "CustomAuthentication" was not authenticated. Failure message: "Invalid token."
[2026-05-23 17:14:10.735 +00:00] [INF] [28] Jellyfin.Api.Auth.CustomAuthenticationHandler: AuthenticationScheme: "CustomAuthentication" was challenged.
[2026-05-23 17:14:14.599 +00:00] [INF] [3] Jellyfin.Api.Auth.CustomAuthenticationHandler: "CustomAuthentication" was not authenticated. Failure message: "Invalid token."
[2026-05-23 17:14:14.599 +00:00] [ERR] [3] Jellyfin.Api.Middleware.ExceptionMiddleware: Error processing request: "Invalid token". URL "GET" "/socket".
[2026-05-23 17:14:15.486 +00:00] [INF] [27] Jellyfin.Api.Auth.CustomAuthenticationHandler: "CustomAuthentication" was not authenticated. Failure message: "Invalid token."
[2026-05-23 17:14:15.486 +00:00] [INF] [27] Jellyfin.Api.Auth.CustomAuthenticationHandler: "CustomAuthentication" was not authenticated. Failure message: "Invalid token."
[2026-05-23 17:14:15.486 +00:00] [INF] [27] Jellyfin.Api.Auth.CustomAuthenticationHandler: AuthenticationScheme: "CustomAuthentication" was challenged.
[2026-05-23 17:15:25.366 +00:00] [INF] [23] Jellyfin.Api.Auth.CustomAuthenticationHandler: "CustomAuthentication" was not authenticated. Failure message: "Invalid token."
[2026-05-23 17:15:25.366 +00:00] [INF] [23] Jellyfin.Api.Auth.CustomAuthenticationHandler: "CustomAuthentication" was not authenticated. Failure message: "Invalid token."
[2026-05-23 17:15:25.366 +00:00] [INF] [28] Jellyfin.Api.Auth.CustomAuthenticationHandler: "CustomAuthentication" was not authenticated. Failure message: "Invalid token."
[2026-05-23 17:15:25.366 +00:00] [INF] [28] Jellyfin.Api.Auth.CustomAuthenticationHandler: "CustomAuthentication" was not authenticated. Failure message: "Invalid token."
[2026-05-23 17:15:25.366 +00:00] [INF] [28] Jellyfin.Api.Auth.CustomAuthenticationHandler: AuthenticationScheme: "CustomAuthentication" was challenged.
[2026-05-23 17:15:25.367 +00:00] [INF] [27] Jellyfin.Api.Auth.CustomAuthenticationHandler: "CustomAuthentication" was not authenticated. Failure message: "Invalid token."
[2026-05-23 17:15:25.368 +00:00] [ERR] [27] Jellyfin.Api.Middleware.ExceptionMiddleware: Error processing request: "Invalid token". URL "GET" "/socket".
[2026-05-23 17:15:25.368 +00:00] [INF] [29] Jellyfin.Api.Auth.CustomAuthenticationHandler: "CustomAuthentication" was not authenticated. Failure message: "Invalid token."
[2026-05-23 17:15:25.368 +00:00] [INF] [29] Jellyfin.Api.Auth.CustomAuthenticationHandler: "CustomAuthentication" was not authenticated. Failure message: "Invalid token."
[2026-05-23 17:15:25.372 +00:00] [INF] [30] Jellyfin.Api.Auth.CustomAuthenticationHandler: "CustomAuthentication" was not authenticated. Failure message: "Invalid token."
[2026-05-23 17:15:25.372 +00:00] [INF] [30] Jellyfin.Api.Auth.CustomAuthenticationHandler: "CustomAuthentication" was not authenticated. Failure message: "Invalid token."
[2026-05-23 17:15:25.372 +00:00] [INF] [30] Jellyfin.Api.Auth.CustomAuthenticationHandler: AuthenticationScheme: "CustomAuthentication" was challenged.
[2026-05-23 17:15:27.382 +00:00] [INF] [29] Jellyfin.Api.Auth.CustomAuthenticationHandler: "CustomAuthentication" was not authenticated. Failure message: "Invalid token."
[2026-05-23 17:15:27.382 +00:00] [INF] [29] Jellyfin.Api.Auth.CustomAuthenticationHandler: "CustomAuthentication" was not authenticated. Failure message: "Invalid token."
[2026-05-23 17:15:27.382 +00:00] [INF] [29] Jellyfin.Api.Auth.CustomAuthenticationHandler: AuthenticationScheme: "CustomAuthentication" was challenged.
[2026-05-23 17:15:31.464 +00:00] [INF] [29] Jellyfin.Api.Auth.CustomAuthenticationHandler: "CustomAuthentication" was not authenticated. Failure message: "Invalid token."
[2026-05-23 17:15:31.464 +00:00] [INF] [29] Jellyfin.Api.Auth.CustomAuthenticationHandler: "CustomAuthentication" was not authenticated. Failure message: "Invalid token."
[2026-05-23 17:15:31.464 +00:00] [INF] [29] Jellyfin.Api.Auth.CustomAuthenticationHandler: AuthenticationScheme: "CustomAuthentication" was challenged.
[2026-05-23 17:15:32.263 +00:00] [INF] [29] Jellyfin.Api.Auth.CustomAuthenticationHandler: "CustomAuthentication" was not authenticated. Failure message: "Invalid token."
[2026-05-23 17:15:32.263 +00:00] [INF] [30] Jellyfin.Api.Auth.CustomAuthenticationHandler: "CustomAuthentication" was not authenticated. Failure message: "Invalid token."
[2026-05-23 17:15:32.263 +00:00] [INF] [29] Jellyfin.Api.Auth.CustomAuthenticationHandler: "CustomAuthentication" was not authenticated. Failure message: "Invalid token."
[2026-05-23 17:15:32.263 +00:00] [INF] [30] Jellyfin.Api.Auth.CustomAuthenticationHandler: "CustomAuthentication" was not authenticated. Failure message: "Invalid token."
[2026-05-23 17:15:32.271 +00:00] [INF] [23] Jellyfin.Api.Auth.CustomAuthenticationHandler: "CustomAuthentication" was not authenticated. Failure message: "Invalid token."
[2026-05-23 17:15:32.271 +00:00] [INF] [23] Jellyfin.Api.Auth.CustomAuthenticationHandler: "CustomAuthentication" was not authenticated. Failure message: "Invalid token."
[2026-05-23 17:15:32.290 +00:00] [INF] [23] Jellyfin.Api.Auth.CustomAuthenticationHandler: "CustomAuthentication" was not authenticated. Failure message: "Invalid token."
[2026-05-23 17:15:32.291 +00:00] [INF] [23] Jellyfin.Api.Auth.CustomAuthenticationHandler: "CustomAuthentication" was not authenticated. Failure message: "Invalid token."
[2026-05-23 17:15:34.608 +00:00] [INF] [23] Jellyfin.Api.Auth.CustomAuthenticationHandler: "CustomAuthentication" was not authenticated. Failure message: "Invalid token."
[2026-05-23 17:15:34.608 +00:00] [INF] [23] Jellyfin.Api.Auth.CustomAuthenticationHandler: "CustomAuthentication" was not authenticated. Failure message: "Invalid token."
[2026-05-23 17:15:34.827 +00:00] [INF] [23] Jellyfin.Api.Auth.CustomAuthenticationHandler: "CustomAuthentication" was not authenticated. Failure message: "Invalid token."
[2026-05-23 17:15:34.827 +00:00] [INF] [23] Jellyfin.Api.Auth.CustomAuthenticationHandler: "CustomAuthentication" was not authenticated. Failure message: "Invalid token."
[2026-05-23 17:15:34.828 +00:00] [INF] [23] Jellyfin.Api.Auth.CustomAuthenticationHandler: "CustomAuthentication" was not authenticated. Failure message: "Invalid token."
[2026-05-23 17:15:34.829 +00:00] [INF] [23] Jellyfin.Api.Auth.CustomAuthenticationHandler: "CustomAuthentication" was not authenticated. Failure message: "Invalid token."
[2026-05-23 17:15:34.829 +00:00] [INF] [23] Jellyfin.Api.Auth.CustomAuthenticationHandler: AuthenticationScheme: "CustomAuthentication" was challenged.
[2026-05-23 17:15:35.841 +00:00] [INF] [23] Jellyfin.Api.Auth.CustomAuthenticationHandler: "CustomAuthentication" was not authenticated. Failure message: "Invalid token."
[2026-05-23 17:15:35.841 +00:00] [INF] [23] Jellyfin.Api.Auth.CustomAuthenticationHandler: "CustomAuthentication" was not authenticated. Failure message: "Invalid token."
[2026-05-23 17:15:35.841 +00:00] [INF] [23] Jellyfin.Api.Auth.CustomAuthenticationHandler: AuthenticationScheme: "CustomAuthentication" was challenged.
[2026-05-23 17:15:37.859 +00:00] [INF] [23] Jellyfin.Api.Auth.CustomAuthenticationHandler: "CustomAuthentication" was not authenticated. Failure message: "Invalid token."
[2026-05-23 17:15:37.859 +00:00] [INF] [23] Jellyfin.Api.Auth.CustomAuthenticationHandler: "CustomAuthentication" was not authenticated. Failure message: "Invalid token."
[2026-05-23 17:15:37.859 +00:00] [INF] [23] Jellyfin.Api.Auth.CustomAuthenticationHandler: AuthenticationScheme: "CustomAuthentication" was challenged.
[2026-05-23 17:15:38.804 +00:00] [INF] [30] Jellyfin.Api.Auth.CustomAuthenticationHandler: "CustomAuthentication" was not authenticated. Failure message: "Invalid token."
[2026-05-23 17:15:38.804 +00:00] [INF] [30] Jellyfin.Api.Auth.CustomAuthenticationHandler: "CustomAuthentication" was not authenticated. Failure message: "Invalid token."
[2026-05-23 17:15:38.804 +00:00] [INF] [23] Jellyfin.Api.Auth.CustomAuthenticationHandler: "CustomAuthentication" was not authenticated. Failure message: "Invalid token."
[2026-05-23 17:15:38.805 +00:00] [INF] [23] Jellyfin.Api.Auth.CustomAuthenticationHandler: "CustomAuthentication" was not authenticated. Failure message: "Invalid token."
[2026-05-23 17:15:38.805 +00:00] [INF] [23] Jellyfin.Api.Auth.CustomAuthenticationHandler: AuthenticationScheme: "CustomAuthentication" was challenged.
[2026-05-23 17:15:39.849 +00:00] [INF] [29] Jellyfin.Api.Auth.CustomAuthenticationHandler: "CustomAuthentication" was not authenticated. Failure message: "Invalid token."
[2026-05-23 17:15:39.849 +00:00] [INF] [29] Jellyfin.Api.Auth.CustomAuthenticationHandler: "CustomAuthentication" was not authenticated. Failure message: "Invalid token."
[2026-05-23 17:15:39.849 +00:00] [INF] [29] Jellyfin.Api.Auth.CustomAuthenticationHandler: AuthenticationScheme: "CustomAuthentication" was challenged.
[2026-05-23 17:15:39.902 +00:00] [INF] [30] Jellyfin.Api.Auth.CustomAuthenticationHandler: "CustomAuthentication" was not authenticated. Failure message: "Invalid token."
[2026-05-23 17:15:39.902 +00:00] [INF] [30] Jellyfin.Api.Auth.CustomAuthenticationHandler: "CustomAuthentication" was not authenticated. Failure message: "Invalid token."
[2026-05-23 17:15:39.902 +00:00] [INF] [30] Jellyfin.Api.Auth.CustomAuthenticationHandler: AuthenticationScheme: "CustomAuthentication" was challenged.
[2026-05-23 17:15:44.618 +00:00] [INF] [29] Jellyfin.Api.Auth.CustomAuthenticationHandler: "CustomAuthentication" was not authenticated. Failure message: "Invalid token."
[2026-05-23 17:16:04.272 +00:00] [INF] [30] Emby.Server.Implementations.AppBase.BaseConfigurationManager: Saving system configuration
[2026-05-23 17:16:04.273 +00:00] [INF] [30] Emby.Server.Implementations.AppBase.BaseConfigurationManager: Setting cache path: "/cache"
[2026-05-23 17:16:04.321 +00:00] [WRN] [30] Jellyfin.Server.Implementations.Users.UserManager: No users, creating one with username "root"
[2026-05-23 17:16:04.475 +00:00] [WRN] [30] Microsoft.EntityFrameworkCore.Query: The query uses the 'First'/'FirstOrDefault' operator without 'OrderBy' and filter operators. This may lead to unpredictable results.
[2026-05-23 17:16:33.867 +00:00] [INF] [30] Emby.Server.Implementations.AppBase.BaseConfigurationManager: Saving system configuration
[2026-05-23 17:16:33.868 +00:00] [INF] [30] Emby.Server.Implementations.AppBase.BaseConfigurationManager: Setting cache path: "/cache"
[2026-05-23 17:16:36.010 +00:00] [INF] [23] Jellyfin.Networking.Manager.NetworkManager: Defined LAN subnets: ["127.0.0.1/8", "10.0.0.0/8", "172.16.0.0/12", "192.168.0.0/16"]
[2026-05-23 17:16:36.010 +00:00] [INF] [23] Jellyfin.Networking.Manager.NetworkManager: Defined LAN exclusions: []
[2026-05-23 17:16:36.010 +00:00] [INF] [23] Jellyfin.Networking.Manager.NetworkManager: Used LAN subnets: ["127.0.0.1/8", "10.0.0.0/8", "172.16.0.0/12", "192.168.0.0/16"]
[2026-05-23 17:16:36.010 +00:00] [INF] [23] Jellyfin.Networking.Manager.NetworkManager: Filtered interface addresses: ["127.0.0.1", "172.18.0.2"]
[2026-05-23 17:16:36.010 +00:00] [INF] [23] Jellyfin.Networking.Manager.NetworkManager: Bind Addresses ["0.0.0.0"]
[2026-05-23 17:16:36.010 +00:00] [INF] [23] Jellyfin.Networking.Manager.NetworkManager: Remote IP filter is "Allowlist"
[2026-05-23 17:16:36.010 +00:00] [INF] [23] Jellyfin.Networking.Manager.NetworkManager: Filtered subnets: []
[2026-05-23 17:16:36.993 +00:00] [INF] [30] Emby.Server.Implementations.AppBase.BaseConfigurationManager: Saving system configuration
[2026-05-23 17:16:36.993 +00:00] [INF] [30] Emby.Server.Implementations.AppBase.BaseConfigurationManager: Setting cache path: "/cache"
[2026-05-23 17:16:36.994 +00:00] [INF] [30] Emby.Server.Implementations.Library.LibraryManager: Validating media library
[2026-05-23 17:16:36.999 +00:00] [WRN] [30] MediaBrowser.Controller.Entities.BaseItem: Library folder "/movies" is inaccessible or empty, skipping
[2026-05-23 17:16:36.999 +00:00] [WRN] [30] MediaBrowser.Controller.Entities.BaseItem: Library folder "/config/data/playlists" is inaccessible or empty, skipping
[2026-05-23 17:16:37.013 +00:00] [WRN] [30] MediaBrowser.Controller.Entities.BaseItem: Library folder "/movies" is inaccessible or empty, skipping
[2026-05-23 17:16:37.013 +00:00] [WRN] [30] MediaBrowser.Controller.Entities.BaseItem: Library folder "/config/data/playlists" is inaccessible or empty, skipping
[2026-05-23 17:16:37.024 +00:00] [INF] [30] Emby.Server.Implementations.ScheduledTasks.TaskManager: "Scan Media Library" Completed after 0 minute(s) and 0 seconds
[2026-05-23 17:16:40.187 +00:00] [INF] [30] Jellyfin.Server.Implementations.Users.UserManager: Authentication request for "root" has succeeded.
[2026-05-23 17:16:40.188 +00:00] [INF] [30] Emby.Server.Implementations.Session.SessionManager: Current/Max sessions for user "root": 0/0
[2026-05-23 17:16:40.189 +00:00] [INF] [30] Emby.Server.Implementations.Session.SessionManager: Creating new access token for user cf3f1d6a-99b6-48b8-8895-e36c73adbb04
[2026-05-23 17:16:40.356 +00:00] [INF] [23] Emby.Server.Implementations.HttpServer.WebSocketManager: WS "192.168.1.80" request
[2026-05-23 17:22:39.187 +00:00] [INF] [26] Emby.Server.Implementations.HttpServer.WebSocketManager: WS "192.168.1.80" closed
[2026-05-23 17:22:39.457 +00:00] [INF] [18] Emby.Server.Implementations.HttpServer.WebSocketManager: WS "192.168.1.80" request
[2026-05-23 17:22:40.096 +00:00] [INF] [21] Emby.Server.Implementations.HttpServer.WebSocketManager: WS "192.168.1.80" closed
[2026-05-23 17:22:40.369 +00:00] [INF] [24] Emby.Server.Implementations.HttpServer.WebSocketManager: WS "192.168.1.80" request
[2026-05-23 17:22:40.863 +00:00] [INF] [24] Emby.Server.Implementations.HttpServer.WebSocketManager: WS "192.168.1.80" closed
[2026-05-23 17:22:41.059 +00:00] [INF] [18] Emby.Server.Implementations.HttpServer.WebSocketManager: WS "192.168.1.80" request
[2026-05-23 17:22:41.469 +00:00] [INF] [24] Emby.Server.Implementations.HttpServer.WebSocketManager: WS "192.168.1.80" closed
[2026-05-23 17:22:41.678 +00:00] [INF] [28] Emby.Server.Implementations.HttpServer.WebSocketManager: WS "192.168.1.80" request
[2026-05-23 17:22:42.045 +00:00] [INF] [24] Emby.Server.Implementations.HttpServer.WebSocketManager: WS "192.168.1.80" closed
[2026-05-23 17:22:42.253 +00:00] [INF] [28] Emby.Server.Implementations.HttpServer.WebSocketManager: WS "192.168.1.80" request
[2026-05-23 17:22:42.283 +00:00] [INF] [24] Emby.Server.Implementations.HttpServer.WebSocketManager: WS "192.168.1.80" closed
[2026-05-23 17:22:47.099 +00:00] [INF] [18] Jellyfin.Server.Implementations.Users.UserManager: Authentication request for "root" has succeeded.
[2026-05-23 17:22:47.099 +00:00] [INF] [18] Emby.Server.Implementations.Session.SessionManager: Current/Max sessions for user "root": 0/0
[2026-05-23 17:22:47.099 +00:00] [INF] [18] Emby.Server.Implementations.Session.SessionManager: Logging out access token "cbdd43e9a8604f8b8cd4b84ba0eaa765"
[2026-05-23 17:22:47.104 +00:00] [INF] [18] Emby.Server.Implementations.Session.SessionManager: Creating new access token for user cf3f1d6a-99b6-48b8-8895-e36c73adbb04
[2026-05-23 17:22:47.169 +00:00] [INF] [18] Emby.Server.Implementations.HttpServer.WebSocketManager: WS "192.168.1.80" request
[2026-05-23 17:23:49.295 +00:00] [ERR] [31] Jellyfin.Api.Middleware.ExceptionMiddleware: Error processing request: "Could not find a part of the path '/mnt/data/movies'". URL "GET" "/Environment/DirectoryContents".
[2026-05-23 17:23:49.387 +00:00] [ERR] [31] Jellyfin.Api.Middleware.ExceptionMiddleware: Error processing request: "Could not find a part of the path '/mnt/data/movies'". URL "GET" "/Environment/DirectoryContents".
[2026-05-23 17:27:06.535 +00:00] [ERR] [25] Jellyfin.Api.Middleware.ExceptionMiddleware: Error processing request: "The path does not exist". URL "POST" "/Library/VirtualFolders/Paths".
[2026-05-23 17:27:06.542 +00:00] [ERR] [27] Jellyfin.Api.Middleware.ExceptionMiddleware: Error processing request: "Could not find a part of the path '/Movies'". URL "GET" "/Environment/DirectoryContents".
[2026-05-23 17:28:54.411 +00:00] [INF] [3] Emby.Server.Implementations.HttpServer.WebSocketManager: WS "192.168.1.80" closed
[2026-05-23 17:28:54.705 +00:00] [INF] [25] Emby.Server.Implementations.HttpServer.WebSocketManager: WS "192.168.1.80" request
[2026-05-23 17:29:50.861 +00:00] [ERR] [25] Jellyfin.Api.Middleware.ExceptionMiddleware: Error processing request: "Could not find a part of the path '/mnt/data/movies'". URL "GET" "/Environment/DirectoryContents".
[2026-05-23 17:29:50.982 +00:00] [ERR] [11] Jellyfin.Api.Middleware.ExceptionMiddleware: Error processing request: "The path does not exist". URL "POST" "/Library/VirtualFolders/Paths".
[2026-05-23 17:30:45.325 +00:00] [INF] [6] Emby.Server.Implementations.HttpServer.WebSocketManager: WS "192.168.1.80" closed
[2026-05-23 17:30:45.568 +00:00] [INF] [19] Emby.Server.Implementations.HttpServer.WebSocketManager: WS "192.168.1.80" request
[2026-05-23 17:30:46.184 +00:00] [INF] [19] Emby.Server.Implementations.HttpServer.WebSocketManager: WS "192.168.1.80" closed
[2026-05-23 17:30:46.382 +00:00] [INF] [19] Emby.Server.Implementations.HttpServer.WebSocketManager: WS "192.168.1.80" request
[2026-05-23 17:31:30.515 +00:00] [INF] [19] Emby.Server.Implementations.HttpServer.WebSocketManager: WS "192.168.1.80" closed
[2026-05-23 17:31:30.716 +00:00] [INF] [11] Emby.Server.Implementations.HttpServer.WebSocketManager: WS "192.168.1.80" request
[2026-05-23 17:31:31.150 +00:00] [INF] [15] Emby.Server.Implementations.HttpServer.WebSocketManager: WS "192.168.1.80" closed
[2026-05-23 17:31:31.429 +00:00] [INF] [19] Emby.Server.Implementations.HttpServer.WebSocketManager: WS "192.168.1.80" request
[2026-05-23 17:31:31.715 +00:00] [INF] [19] Emby.Server.Implementations.HttpServer.WebSocketManager: WS "192.168.1.80" closed
[2026-05-23 17:31:31.995 +00:00] [INF] [19] Emby.Server.Implementations.HttpServer.WebSocketManager: WS "192.168.1.80" request
[2026-05-23 17:32:32.673 +00:00] [ERR] [19] Jellyfin.Api.Middleware.ExceptionMiddleware: Error processing request: "Could not find a part of the path '/Movies15'". URL "GET" "/Environment/DirectoryContents".
[2026-05-23 17:32:49.748 +00:00] [ERR] [19] Jellyfin.Api.Middleware.ExceptionMiddleware: Error processing request: "Could not find a part of the path '/Movies15241'". URL "GET" "/Environment/DirectoryContents".
[2026-05-23 17:35:19.999 +00:00] [INF] [4] Emby.Server.Implementations.Session.SessionWebSocketListener: Sending ForceKeepAlive message to 1 inactive WebSockets.
[2026-05-23 17:35:42.259 +00:00] [INF] [4] Emby.Server.Implementations.HttpServer.WebSocketManager: WS "192.168.1.80" closed
[2026-05-23 17:35:42.588 +00:00] [INF] [15] Emby.Server.Implementations.HttpServer.WebSocketManager: WS "192.168.1.80" request
[2026-05-23 17:35:43.672 +00:00] [INF] [15] Emby.Server.Implementations.HttpServer.WebSocketManager: WS "192.168.1.80" closed
[2026-05-23 17:35:43.871 +00:00] [INF] [15] Emby.Server.Implementations.HttpServer.WebSocketManager: WS "192.168.1.80" request
[2026-05-23 17:35:44.289 +00:00] [INF] [11] Emby.Server.Implementations.HttpServer.WebSocketManager: WS "192.168.1.80" closed
[2026-05-23 17:35:44.490 +00:00] [INF] [15] Emby.Server.Implementations.HttpServer.WebSocketManager: WS "192.168.1.80" request
[2026-05-23 17:35:48.863 +00:00] [INF] [15] Emby.Server.Implementations.HttpServer.WebSocketManager: WS "192.168.1.80" closed
[2026-05-23 17:35:52.472 +00:00] [INF] [31] Jellyfin.Server.Implementations.Users.UserManager: Authentication request for "root" has succeeded.
[2026-05-23 17:35:52.472 +00:00] [INF] [31] Emby.Server.Implementations.Session.SessionManager: Current/Max sessions for user "root": 0/0
[2026-05-23 17:35:52.472 +00:00] [INF] [31] Emby.Server.Implementations.Session.SessionManager: Logging out access token "dca2809a249b4d3d922a2970f7ef0ad1"
[2026-05-23 17:35:52.473 +00:00] [INF] [31] Emby.Server.Implementations.Session.SessionManager: Creating new access token for user cf3f1d6a-99b6-48b8-8895-e36c73adbb04
[2026-05-23 17:35:52.548 +00:00] [INF] [4] Emby.Server.Implementations.HttpServer.WebSocketManager: WS "192.168.1.80" request
[2026-05-23 17:35:53.709 +00:00] [INF] [18] Emby.Server.Implementations.HttpServer.WebSocketManager: WS "192.168.1.80" closed
[2026-05-23 17:35:54.019 +00:00] [INF] [4] Emby.Server.Implementations.HttpServer.WebSocketManager: WS "192.168.1.80" request
[2026-05-23 17:35:54.108 +00:00] [INF] [11] Emby.Server.Implementations.HttpServer.WebSocketManager: WS "192.168.1.80" closed
[2026-05-23 17:35:54.318 +00:00] [INF] [31] Emby.Server.Implementations.HttpServer.WebSocketManager: WS "192.168.1.80" request
[2026-05-23 17:35:55.057 +00:00] [INF] [18] Emby.Server.Implementations.HttpServer.WebSocketManager: WS "192.168.1.80" closed
[2026-05-23 17:35:55.308 +00:00] [INF] [18] Emby.Server.Implementations.HttpServer.WebSocketManager: WS "192.168.1.80" request
[2026-05-23 17:35:55.876 +00:00] [INF] [18] Emby.Server.Implementations.HttpServer.WebSocketManager: WS "192.168.1.80" closed
[2026-05-23 17:35:56.072 +00:00] [INF] [31] Emby.Server.Implementations.HttpServer.WebSocketManager: WS "192.168.1.80" request
[2026-05-23 17:35:59.161 +00:00] [INF] [11] Jellyfin.Server.Implementations.Users.UserManager: Authentication request for "root" has succeeded.
[2026-05-23 17:35:59.161 +00:00] [INF] [11] Emby.Server.Implementations.Session.SessionManager: Current/Max sessions for user "root": 1/0
[2026-05-23 17:35:59.162 +00:00] [INF] [11] Emby.Server.Implementations.Session.SessionManager: Logging out access token "b3c844eece1e417d9626e807870e095c"
[2026-05-23 17:35:59.163 +00:00] [INF] [11] Emby.Server.Implementations.Session.SessionManager: Creating new access token for user cf3f1d6a-99b6-48b8-8895-e36c73adbb04
[2026-05-23 17:35:59.167 +00:00] [INF] [4] Emby.Server.Implementations.HttpServer.WebSocketManager: WS "192.168.1.80" closed
[2026-05-23 17:35:59.190 +00:00] [INF] [31] Emby.Server.Implementations.HttpServer.WebSocketManager: WS "192.168.1.80" request
[2026-05-23 17:36:02.578 +00:00] [INF] [15] Jellyfin.Api.Auth.CustomAuthenticationHandler: "CustomAuthentication" was not authenticated. Failure message: "Invalid token."
[2026-05-23 17:36:02.579 +00:00] [INF] [15] Jellyfin.Api.Auth.CustomAuthenticationHandler: "CustomAuthentication" was not authenticated. Failure message: "Invalid token."
[2026-05-23 17:36:02.579 +00:00] [INF] [15] Jellyfin.Api.Auth.CustomAuthenticationHandler: AuthenticationScheme: "CustomAuthentication" was challenged.
[2026-05-23 17:36:03.590 +00:00] [INF] [15] Jellyfin.Api.Auth.CustomAuthenticationHandler: "CustomAuthentication" was not authenticated. Failure message: "Invalid token."
[2026-05-23 17:36:03.590 +00:00] [INF] [15] Jellyfin.Api.Auth.CustomAuthenticationHandler: "CustomAuthentication" was not authenticated. Failure message: "Invalid token."
[2026-05-23 17:36:03.590 +00:00] [INF] [15] Jellyfin.Api.Auth.CustomAuthenticationHandler: AuthenticationScheme: "CustomAuthentication" was challenged.
[2026-05-23 17:36:07.046 +00:00] [INF] [3] Jellyfin.Api.Auth.CustomAuthenticationHandler: "CustomAuthentication" was not authenticated. Failure message: "Invalid token."
[2026-05-23 17:36:07.046 +00:00] [INF] [15] Jellyfin.Api.Auth.CustomAuthenticationHandler: "CustomAuthentication" was not authenticated. Failure message: "Invalid token."
[2026-05-23 17:36:07.046 +00:00] [INF] [3] Jellyfin.Api.Auth.CustomAuthenticationHandler: "CustomAuthentication" was not authenticated. Failure message: "Invalid token."
[2026-05-23 17:36:07.046 +00:00] [INF] [15] Jellyfin.Api.Auth.CustomAuthenticationHandler: "CustomAuthentication" was not authenticated. Failure message: "Invalid token."
[2026-05-23 17:36:07.046 +00:00] [INF] [3] Jellyfin.Api.Auth.CustomAuthenticationHandler: AuthenticationScheme: "CustomAuthentication" was challenged.
[2026-05-23 17:36:07.046 +00:00] [INF] [15] Jellyfin.Api.Auth.CustomAuthenticationHandler: AuthenticationScheme: "CustomAuthentication" was challenged.
[2026-05-23 17:36:07.047 +00:00] [INF] [18] Jellyfin.Api.Auth.CustomAuthenticationHandler: "CustomAuthentication" was not authenticated. Failure message: "Invalid token."
[2026-05-23 17:36:07.047 +00:00] [INF] [18] Jellyfin.Api.Auth.CustomAuthenticationHandler: "CustomAuthentication" was not authenticated. Failure message: "Invalid token."
[2026-05-23 17:36:07.047 +00:00] [INF] [18] Jellyfin.Api.Auth.CustomAuthenticationHandler: AuthenticationScheme: "CustomAuthentication" was challenged.
[2026-05-23 17:36:07.047 +00:00] [INF] [3] Jellyfin.Api.Auth.CustomAuthenticationHandler: "CustomAuthentication" was not authenticated. Failure message: "Invalid token."
[2026-05-23 17:36:07.047 +00:00] [INF] [3] Jellyfin.Api.Auth.CustomAuthenticationHandler: "CustomAuthentication" was not authenticated. Failure message: "Invalid token."
[2026-05-23 17:36:07.047 +00:00] [INF] [3] Jellyfin.Api.Auth.CustomAuthenticationHandler: AuthenticationScheme: "CustomAuthentication" was challenged.
[2026-05-23 17:36:07.049 +00:00] [INF] [3] Jellyfin.Api.Auth.CustomAuthenticationHandler: "CustomAuthentication" was not authenticated. Failure message: "Invalid token."
[2026-05-23 17:36:07.049 +00:00] [INF] [15] Jellyfin.Api.Auth.CustomAuthenticationHandler: "CustomAuthentication" was not authenticated. Failure message: "Invalid token."
[2026-05-23 17:36:07.049 +00:00] [INF] [3] Jellyfin.Api.Auth.CustomAuthenticationHandler: "CustomAuthentication" was not authenticated. Failure message: "Invalid token."
[2026-05-23 17:36:07.049 +00:00] [INF] [15] Jellyfin.Api.Auth.CustomAuthenticationHandler: "CustomAuthentication" was not authenticated. Failure message: "Invalid token."
[2026-05-23 17:36:07.049 +00:00] [INF] [3] Jellyfin.Api.Auth.CustomAuthenticationHandler: AuthenticationScheme: "CustomAuthentication" was challenged.
[2026-05-23 17:36:07.049 +00:00] [INF] [15] Jellyfin.Api.Auth.CustomAuthenticationHandler: AuthenticationScheme: "CustomAuthentication" was challenged.
[2026-05-23 17:36:07.050 +00:00] [INF] [3] Jellyfin.Api.Auth.CustomAuthenticationHandler: "CustomAuthentication" was not authenticated. Failure message: "Invalid token."
[2026-05-23 17:36:07.050 +00:00] [INF] [18] Jellyfin.Api.Auth.CustomAuthenticationHandler: "CustomAuthentication" was not authenticated. Failure message: "Invalid token."
[2026-05-23 17:36:07.050 +00:00] [INF] [3] Jellyfin.Api.Auth.CustomAuthenticationHandler: "CustomAuthentication" was not authenticated. Failure message: "Invalid token."
[2026-05-23 17:36:07.050 +00:00] [INF] [18] Jellyfin.Api.Auth.CustomAuthenticationHandler: "CustomAuthentication" was not authenticated. Failure message: "Invalid token."
[2026-05-23 17:36:07.050 +00:00] [INF] [3] Jellyfin.Api.Auth.CustomAuthenticationHandler: AuthenticationScheme: "CustomAuthentication" was challenged.
[2026-05-23 17:36:07.050 +00:00] [INF] [18] Jellyfin.Api.Auth.CustomAuthenticationHandler: AuthenticationScheme: "CustomAuthentication" was challenged.
[2026-05-23 17:36:08.064 +00:00] [INF] [18] Jellyfin.Api.Auth.CustomAuthenticationHandler: "CustomAuthentication" was not authenticated. Failure message: "Invalid token."
[2026-05-23 17:36:08.064 +00:00] [INF] [18] Jellyfin.Api.Auth.CustomAuthenticationHandler: "CustomAuthentication" was not authenticated. Failure message: "Invalid token."
[2026-05-23 17:36:08.064 +00:00] [INF] [18] Jellyfin.Api.Auth.CustomAuthenticationHandler: AuthenticationScheme: "CustomAuthentication" was challenged.
[2026-05-23 17:36:08.065 +00:00] [INF] [18] Jellyfin.Api.Auth.CustomAuthenticationHandler: "CustomAuthentication" was not authenticated. Failure message: "Invalid token."
[2026-05-23 17:36:08.065 +00:00] [INF] [18] Jellyfin.Api.Auth.CustomAuthenticationHandler: "CustomAuthentication" was not authenticated. Failure message: "Invalid token."
[2026-05-23 17:36:08.065 +00:00] [INF] [18] Jellyfin.Api.Auth.CustomAuthenticationHandler: AuthenticationScheme: "CustomAuthentication" was challenged.
[2026-05-23 17:36:08.065 +00:00] [INF] [4] Jellyfin.Api.Auth.CustomAuthenticationHandler: "CustomAuthentication" was not authenticated. Failure message: "Invalid token."
[2026-05-23 17:36:08.065 +00:00] [INF] [4] Jellyfin.Api.Auth.CustomAuthenticationHandler: "CustomAuthentication" was not authenticated. Failure message: "Invalid token."
[2026-05-23 17:36:08.065 +00:00] [INF] [4] Jellyfin.Api.Auth.CustomAuthenticationHandler: AuthenticationScheme: "CustomAuthentication" was challenged.
[2026-05-23 17:36:08.069 +00:00] [INF] [4] Jellyfin.Api.Auth.CustomAuthenticationHandler: "CustomAuthentication" was not authenticated. Failure message: "Invalid token."
[2026-05-23 17:36:08.069 +00:00] [INF] [4] Jellyfin.Api.Auth.CustomAuthenticationHandler: "CustomAuthentication" was not authenticated. Failure message: "Invalid token."
[2026-05-23 17:36:08.069 +00:00] [INF] [4] Jellyfin.Api.Auth.CustomAuthenticationHandler: AuthenticationScheme: "CustomAuthentication" was challenged.
[2026-05-23 17:36:08.070 +00:00] [INF] [4] Jellyfin.Api.Auth.CustomAuthenticationHandler: "CustomAuthentication" was not authenticated. Failure message: "Invalid token."
[2026-05-23 17:36:08.070 +00:00] [INF] [4] Jellyfin.Api.Auth.CustomAuthenticationHandler: "CustomAuthentication" was not authenticated. Failure message: "Invalid token."
[2026-05-23 17:36:08.070 +00:00] [INF] [4] Jellyfin.Api.Auth.CustomAuthenticationHandler: AuthenticationScheme: "CustomAuthentication" was challenged.
[2026-05-23 17:36:08.070 +00:00] [INF] [4] Jellyfin.Api.Auth.CustomAuthenticationHandler: "CustomAuthentication" was not authenticated. Failure message: "Invalid token."
[2026-05-23 17:36:08.070 +00:00] [INF] [4] Jellyfin.Api.Auth.CustomAuthenticationHandler: "CustomAuthentication" was not authenticated. Failure message: "Invalid token."
[2026-05-23 17:36:08.070 +00:00] [INF] [4] Jellyfin.Api.Auth.CustomAuthenticationHandler: AuthenticationScheme: "CustomAuthentication" was challenged.
[2026-05-23 17:36:08.070 +00:00] [INF] [15] Jellyfin.Api.Auth.CustomAuthenticationHandler: "CustomAuthentication" was not authenticated. Failure message: "Invalid token."
[2026-05-23 17:36:08.070 +00:00] [INF] [15] Jellyfin.Api.Auth.CustomAuthenticationHandler: "CustomAuthentication" was not authenticated. Failure message: "Invalid token."
[2026-05-23 17:36:08.070 +00:00] [INF] [15] Jellyfin.Api.Auth.CustomAuthenticationHandler: AuthenticationScheme: "CustomAuthentication" was challenged.
[2026-05-23 17:36:08.070 +00:00] [INF] [4] Jellyfin.Api.Auth.CustomAuthenticationHandler: "CustomAuthentication" was not authenticated. Failure message: "Invalid token."
[2026-05-23 17:36:08.070 +00:00] [INF] [4] Jellyfin.Api.Auth.CustomAuthenticationHandler: "CustomAuthentication" was not authenticated. Failure message: "Invalid token."
[2026-05-23 17:36:08.070 +00:00] [INF] [4] Jellyfin.Api.Auth.CustomAuthenticationHandler: AuthenticationScheme: "CustomAuthentication" was challenged.
[2026-05-23 17:36:10.075 +00:00] [INF] [15] Jellyfin.Api.Auth.CustomAuthenticationHandler: "CustomAuthentication" was not authenticated. Failure message: "Invalid token."
[2026-05-23 17:36:10.075 +00:00] [INF] [15] Jellyfin.Api.Auth.CustomAuthenticationHandler: "CustomAuthentication" was not authenticated. Failure message: "Invalid token."
[2026-05-23 17:36:10.075 +00:00] [INF] [15] Jellyfin.Api.Auth.CustomAuthenticationHandler: AuthenticationScheme: "CustomAuthentication" was challenged.
[2026-05-23 17:36:10.075 +00:00] [INF] [15] Jellyfin.Api.Auth.CustomAuthenticationHandler: "CustomAuthentication" was not authenticated. Failure message: "Invalid token."
[2026-05-23 17:36:10.075 +00:00] [INF] [15] Jellyfin.Api.Auth.CustomAuthenticationHandler: "CustomAuthentication" was not authenticated. Failure message: "Invalid token."
[2026-05-23 17:36:10.075 +00:00] [INF] [15] Jellyfin.Api.Auth.CustomAuthenticationHandler: AuthenticationScheme: "CustomAuthentication" was challenged.
[2026-05-23 17:36:10.075 +00:00] [INF] [3] Jellyfin.Api.Auth.CustomAuthenticationHandler: "CustomAuthentication" was not authenticated. Failure message: "Invalid token."
[2026-05-23 17:36:10.075 +00:00] [INF] [3] Jellyfin.Api.Auth.CustomAuthenticationHandler: "CustomAuthentication" was not authenticated. Failure message: "Invalid token."
[2026-05-23 17:36:10.075 +00:00] [INF] [3] Jellyfin.Api.Auth.CustomAuthenticationHandler: AuthenticationScheme: "CustomAuthentication" was challenged.
[2026-05-23 17:36:10.077 +00:00] [INF] [3] Jellyfin.Api.Auth.CustomAuthenticationHandler: "CustomAuthentication" was not authenticated. Failure message: "Invalid token."
[2026-05-23 17:36:10.077 +00:00] [INF] [15] Jellyfin.Api.Auth.CustomAuthenticationHandler: "CustomAuthentication" was not authenticated. Failure message: "Invalid token."
[2026-05-23 17:36:10.077 +00:00] [INF] [3] Jellyfin.Api.Auth.CustomAuthenticationHandler: "CustomAuthentication" was not authenticated. Failure message: "Invalid token."
[2026-05-23 17:36:10.077 +00:00] [INF] [3] Jellyfin.Api.Auth.CustomAuthenticationHandler: AuthenticationScheme: "CustomAuthentication" was challenged.
[2026-05-23 17:36:10.077 +00:00] [INF] [3] Jellyfin.Api.Auth.CustomAuthenticationHandler: "CustomAuthentication" was not authenticated. Failure message: "Invalid token."
[2026-05-23 17:36:10.077 +00:00] [INF] [3] Jellyfin.Api.Auth.CustomAuthenticationHandler: "CustomAuthentication" was not authenticated. Failure message: "Invalid token."
[2026-05-23 17:36:10.077 +00:00] [INF] [3] Jellyfin.Api.Auth.CustomAuthenticationHandler: AuthenticationScheme: "CustomAuthentication" was challenged.
[2026-05-23 17:36:10.077 +00:00] [INF] [15] Jellyfin.Api.Auth.CustomAuthenticationHandler: "CustomAuthentication" was not authenticated. Failure message: "Invalid token."
[2026-05-23 17:36:10.078 +00:00] [INF] [15] Jellyfin.Api.Auth.CustomAuthenticationHandler: AuthenticationScheme: "CustomAuthentication" was challenged.
[2026-05-23 17:36:10.079 +00:00] [INF] [3] Jellyfin.Api.Auth.CustomAuthenticationHandler: "CustomAuthentication" was not authenticated. Failure message: "Invalid token."
[2026-05-23 17:36:10.079 +00:00] [INF] [3] Jellyfin.Api.Auth.CustomAuthenticationHandler: "CustomAuthentication" was not authenticated. Failure message: "Invalid token."
[2026-05-23 17:36:10.079 +00:00] [INF] [3] Jellyfin.Api.Auth.CustomAuthenticationHandler: AuthenticationScheme: "CustomAuthentication" was challenged.
[2026-05-23 17:36:10.086 +00:00] [INF] [3] Jellyfin.Api.Auth.CustomAuthenticationHandler: "CustomAuthentication" was not authenticated. Failure message: "Invalid token."
[2026-05-23 17:36:10.086 +00:00] [INF] [3] Jellyfin.Api.Auth.CustomAuthenticationHandler: "CustomAuthentication" was not authenticated. Failure message: "Invalid token."
[2026-05-23 17:36:10.086 +00:00] [INF] [3] Jellyfin.Api.Auth.CustomAuthenticationHandler: AuthenticationScheme: "CustomAuthentication" was challenged.
[2026-05-23 17:36:10.516 +00:00] [INF] [3] Jellyfin.Api.Auth.CustomAuthenticationHandler: "CustomAuthentication" was not authenticated. Failure message: "Invalid token."
[2026-05-23 17:36:10.516 +00:00] [INF] [15] Jellyfin.Api.Auth.CustomAuthenticationHandler: "CustomAuthentication" was not authenticated. Failure message: "Invalid token."
[2026-05-23 17:36:10.516 +00:00] [INF] [15] Jellyfin.Api.Auth.CustomAuthenticationHandler: "CustomAuthentication" was not authenticated. Failure message: "Invalid token."
[2026-05-23 17:36:10.516 +00:00] [INF] [3] Jellyfin.Api.Auth.CustomAuthenticationHandler: "CustomAuthentication" was not authenticated. Failure message: "Invalid token."
[2026-05-23 17:36:10.516 +00:00] [INF] [15] Jellyfin.Api.Auth.CustomAuthenticationHandler: AuthenticationScheme: "CustomAuthentication" was challenged.
[2026-05-23 17:36:10.517 +00:00] [INF] [3] Jellyfin.Api.Auth.CustomAuthenticationHandler: AuthenticationScheme: "CustomAuthentication" was challenged.
[2026-05-23 17:36:11.525 +00:00] [INF] [15] Jellyfin.Api.Auth.CustomAuthenticationHandler: "CustomAuthentication" was not authenticated. Failure message: "Invalid token."
[2026-05-23 17:36:11.526 +00:00] [INF] [15] Jellyfin.Api.Auth.CustomAuthenticationHandler: "CustomAuthentication" was not authenticated. Failure message: "Invalid token."
[2026-05-23 17:36:11.526 +00:00] [INF] [15] Jellyfin.Api.Auth.CustomAuthenticationHandler: AuthenticationScheme: "CustomAuthentication" was challenged.
[2026-05-23 17:36:11.526 +00:00] [INF] [3] Jellyfin.Api.Auth.CustomAuthenticationHandler: "CustomAuthentication" was not authenticated. Failure message: "Invalid token."
[2026-05-23 17:36:11.526 +00:00] [INF] [3] Jellyfin.Api.Auth.CustomAuthenticationHandler: "CustomAuthentication" was not authenticated. Failure message: "Invalid token."
[2026-05-23 17:36:11.526 +00:00] [INF] [3] Jellyfin.Api.Auth.CustomAuthenticationHandler: AuthenticationScheme: "CustomAuthentication" was challenged.
[2026-05-23 17:36:13.538 +00:00] [INF] [4] Jellyfin.Api.Auth.CustomAuthenticationHandler: "CustomAuthentication" was not authenticated. Failure message: "Invalid token."
[2026-05-23 17:36:13.538 +00:00] [INF] [4] Jellyfin.Api.Auth.CustomAuthenticationHandler: "CustomAuthentication" was not authenticated. Failure message: "Invalid token."
[2026-05-23 17:36:13.538 +00:00] [INF] [4] Jellyfin.Api.Auth.CustomAuthenticationHandler: AuthenticationScheme: "CustomAuthentication" was challenged.
[2026-05-23 17:36:13.538 +00:00] [INF] [3] Jellyfin.Api.Auth.CustomAuthenticationHandler: "CustomAuthentication" was not authenticated. Failure message: "Invalid token."
[2026-05-23 17:36:13.538 +00:00] [INF] [3] Jellyfin.Api.Auth.CustomAuthenticationHandler: "CustomAuthentication" was not authenticated. Failure message: "Invalid token."
[2026-05-23 17:36:13.538 +00:00] [INF] [3] Jellyfin.Api.Auth.CustomAuthenticationHandler: AuthenticationScheme: "CustomAuthentication" was challenged.
[2026-05-23 17:36:14.086 +00:00] [INF] [4] Jellyfin.Api.Auth.CustomAuthenticationHandler: "CustomAuthentication" was not authenticated. Failure message: "Invalid token."
[2026-05-23 17:36:14.086 +00:00] [INF] [4] Jellyfin.Api.Auth.CustomAuthenticationHandler: "CustomAuthentication" was not authenticated. Failure message: "Invalid token."
[2026-05-23 17:36:14.086 +00:00] [INF] [4] Jellyfin.Api.Auth.CustomAuthenticationHandler: AuthenticationScheme: "CustomAuthentication" was challenged.
[2026-05-23 17:36:14.091 +00:00] [INF] [15] Jellyfin.Api.Auth.CustomAuthenticationHandler: "CustomAuthentication" was not authenticated. Failure message: "Invalid token."
[2026-05-23 17:36:14.092 +00:00] [INF] [15] Jellyfin.Api.Auth.CustomAuthenticationHandler: "CustomAuthentication" was not authenticated. Failure message: "Invalid token."
[2026-05-23 17:36:14.092 +00:00] [INF] [15] Jellyfin.Api.Auth.CustomAuthenticationHandler: AuthenticationScheme: "CustomAuthentication" was challenged.
[2026-05-23 17:36:17.548 +00:00] [INF] [15] Jellyfin.Api.Auth.CustomAuthenticationHandler: "CustomAuthentication" was not authenticated. Failure message: "Invalid token."
[2026-05-23 17:36:17.548 +00:00] [INF] [15] Jellyfin.Api.Auth.CustomAuthenticationHandler: "CustomAuthentication" was not authenticated. Failure message: "Invalid token."
[2026-05-23 17:36:17.548 +00:00] [INF] [15] Jellyfin.Api.Auth.CustomAuthenticationHandler: AuthenticationScheme: "CustomAuthentication" was challenged.
[2026-05-23 17:36:17.549 +00:00] [INF] [15] Jellyfin.Api.Auth.CustomAuthenticationHandler: "CustomAuthentication" was not authenticated. Failure message: "Invalid token."
[2026-05-23 17:36:17.549 +00:00] [INF] [15] Jellyfin.Api.Auth.CustomAuthenticationHandler: "CustomAuthentication" was not authenticated. Failure message: "Invalid token."
[2026-05-23 17:36:17.549 +00:00] [INF] [15] Jellyfin.Api.Auth.CustomAuthenticationHandler: AuthenticationScheme: "CustomAuthentication" was challenged.
[2026-05-23 17:39:47.194 +00:00] [INF] [24] Emby.Server.Implementations.Session.SessionWebSocketListener: Sending ForceKeepAlive message to 1 inactive WebSockets.
[2026-05-23 17:40:07.249 +00:00] [INF] [6] Emby.Server.Implementations.Session.SessionManager: Sending shutdown notifications
[2026-05-23 17:40:07.332 +00:00] [INF] [21] Emby.Server.Implementations.HttpServer.WebSocketManager: WS "192.168.1.80" closed
[2026-05-23 17:40:07.339 +00:00] [INF] [21] Main: Running query planner optimizations in the database... This might take a while
[2026-05-23 17:40:07.372 +00:00] [INF] [21] Emby.Server.Implementations.ApplicationHost: Disposing "CoreAppHost"
[2026-05-23 17:40:07.372 +00:00] [INF] [21] Emby.Server.Implementations.ApplicationHost: Disposing "MusicBrainzArtistProvider"
[2026-05-23 17:40:07.375 +00:00] [INF] [21] Emby.Server.Implementations.ApplicationHost: Disposing "MusicBrainzAlbumProvider"
[2026-05-23 17:40:07.375 +00:00] [INF] [21] Emby.Server.Implementations.ApplicationHost: Disposing "PluginManager"
